,person_age,person_income,person_home_ownership,person_emp_length,loan_intent,loan_grade,loan_amnt,loan_int_rate,loan_status,loan_percent_income,cb_person_default_on_file,cb_person_cred_hist_length,lr_pred,rf_pred
8501,21,9600,OWN,5,EDUCATION,B,1000,11.14,0,0.1,N,2,1,1
1768,26,89028,RENT,0,DEBTCONSOLIDATION,A,30000,6.62,1,0.34,N,3,1,0
1729,23,50000,RENT,1,DEBTCONSOLIDATION,A,25000,7.9,1,0.5,N,3,1,1
2195,26,210000,OWN,10,PERSONAL,B,22000,11.83,0,0.1,N,4,1,1
6903,24,200000,MORTGAGE,3,VENTURE,A,24000,7.49,0,0.12,N,4,0,0
431,22,200000,MORTGAGE,6,DEBTCONSOLIDATION,A,9000,6.17,0,0.04,N,4,0,0
9812,24,75000,RENT,4,EDUCATION,B,25000,10.25,1,0.33,N,4,0,0
3162,24,85000,RENT,5,MEDICAL,B,25000,10.62,0,0.29,N,4,1,0
4143,23,175000,MORTGAGE,8,PERSONAL,B,21000,11.99,0,0.12,N,3,0,0
8758,25,134300,RENT,3,MEDICAL,D,5000,16.49,1,0.03,N,2,0,0
7986,25,170000,OWN,4,EDUCATION,B,20000,12.53,0,0.12,N,4,0,0
9094,22,169000,RENT,1,PERSONAL,B,14000,11.14,0,0.08,N,3,0,1
5813,25,15600,OWN,0,VENTURE,F,3200,18.09,1,0.21,N,2,1,1
8227,24,160000,MORTGAGE,9,VENTURE,E,12000,16.77,0,0.07,N,4,1,0
7888,24,18000,OWN,6,PERSONAL,A,13000,7.88,1,0.72,N,3,1,0
4543,24,73000,RENT,0,VENTURE,E,22400,16.7,1,0.31,Y,4,1,0
6652,23,60000,RENT,6,DEBTCONSOLIDATION,B,22000,10.25,1,0.37,N,4,1,0
6737,25,18840,MORTGAGE,5,EDUCATION,B,3000,9.91,1,0.16,N,2,1,0
7200,24,70000,RENT,5,HOMEIMPROVEMENT,B,21500,9.99,1,0.31,N,3,1,0
9539,23,80000,RENT,3,MEDICAL,B,21000,11.99,0,0.26,N,3,1,0
6693,24,35364,RENT,1,MEDICAL,B,20000,12.53,1,0.57,N,4,0,0
8783,25,38004,RENT,6,MEDICAL,C,20000,13.11,1,0.53,N,2,1,0
6403,22,46000,RENT,2,DEBTCONSOLIDATION,D,20000,16,1,0.43,Y,4,1,0
9445,26,20000,MORTGAGE,1,PERSONAL,A,1500,7.74,0,0.07,N,3,1,1
5156,22,54000,RENT,2,EDUCATION,B,20000,9.91,1,0.37,N,4,1,0
8214,22,20000,MORTGAGE,0,PERSONAL,B,16600,9.76,0,0.83,N,3,0,0
8684,23,57000,RENT,3,EDUCATION,D,20000,16.89,1,0.35,N,2,1,0
84,24,60000,RENT,0,PERSONAL,B,20000,11.14,1,0.33,N,2,1,0
7900,21,20400,OWN,5,MEDICAL,B,2400,11.49,0,0.12,N,4,1,0
8234,23,54504,RENT,1,PERSONAL,E,20000,16.7,1,0.37,Y,4,0,0
9521,22,70000,RENT,2,PERSONAL,A,20000,6.91,0,0.29,N,4,1,1
4942,24,21600,MORTGAGE,8,MEDICAL,A,8000,5.42,0,0.37,N,2,1,0
9017,22,22000,MORTGAGE,6,PERSONAL,A,7200,7.14,0,0.33,N,2,0,0
1324,21,22000,OWN,2,DEBTCONSOLIDATION,D,4000,15.05,0,0.18,N,4,0,0
6060,23,22800,MORTGAGE,2,PERSONAL,A,3000,8.9,1,0.13,N,2,0,0
175,22,160000,RENT,6,PERSONAL,A,20000,7.49,0,0.13,N,4,0,0
7733,23,78000,RENT,2,VENTURE,A,19000,8.9,0,0.24,N,2,1,0
755,24,73000,RENT,0,HOMEIMPROVEMENT,A,18500,7.9,1,0.25,N,2,1,1
2524,23,120000,RENT,7,PERSONAL,A,18400,8.9,0,0.15,N,2,1,0
3253,25,55044,RENT,4,VENTURE,E,18250,17.56,1,0.33,N,2,0,1
1676,23,27000,RENT,2,VENTURE,C,18000,11.54,1,0.67,Y,4,1,0
5979,25,55000,RENT,2,EDUCATION,C,18000,12.84,1,0.33,N,2,0,0
861,24,24000,OWN,2,VENTURE,A,10000,6.92,0,0.42,N,4,0,0
7558,24,72000,RENT,4,VENTURE,A,18000,7.88,0,0.25,N,2,0,0
3014,26,24000,MORTGAGE,5,PERSONAL,C,2100,13.11,0,0.09,N,3,0,0
2828,25,85000,RENT,0,EDUCATION,B,18000,11.71,0,0.21,N,4,1,0
866,24,24000,MORTGAGE,3,EDUCATION,C,8000,11.34,0,0.33,Y,4,1,0
6671,25,95950,RENT,2,HOMEIMPROVEMENT,B,17500,11.71,0,0.18,N,2,1,0
8262,22,41400,RENT,2,MEDICAL,C,17000,12.87,1,0.41,N,3,0,0
4624,22,25000,MORTGAGE,4,EDUCATION,A,1800,8.49,0,0.07,N,2,1,0
6359,23,25200,OWN,3,EDUCATION,B,1000,11.48,0,0.04,N,4,0,0
8595,26,25500,MORTGAGE,8,HOMEIMPROVEMENT,C,5600,11.91,0,0.22,N,4,1,0
8074,24,18000,RENT,0,EDUCATION,B,1200,11.89,0,0.07,N,4,0,0
8159,26,30000,RENT,2,VENTURE,B,1200,10.14,0,0.04,N,4,1,0
8427,22,27000,MORTGAGE,2,DEBTCONSOLIDATION,B,5000,12.18,0,0.19,N,4,0,0
8679,24,44400,RENT,0,PERSONAL,B,1325,10,1,0.03,N,4,0,0
8592,24,30000,RENT,4,MEDICAL,D,1400,15.62,1,0.05,Y,4,0,0
9002,25,27600,MORTGAGE,1,HOMEIMPROVEMENT,A,11500,6.03,1,0.42,N,4,0,0
2789,24,32304,RENT,8,MEDICAL,B,1500,9.91,1,0.05,N,3,0,1
5040,22,27996,OWN,5,MEDICAL,A,5000,5.79,0,0.18,N,2,0,0
1793,22,27996,MORTGAGE,4,MEDICAL,B,5500,10.38,0,0.2,N,2,0,0
3166,23,40000,RENT,7,VENTURE,C,1500,13.99,0,0.04,Y,2,0,1
1927,21,40000,RENT,5,EDUCATION,B,1500,12.18,0,0.04,N,4,0,0
2357,23,17688,RENT,0,PERSONAL,B,1700,11.11,0,0.1,N,3,1,0
9277,23,28644,MORTGAGE,2,EDUCATION,B,10000,10.75,0,0.35,N,2,1,0
1839,23,10000,RENT,1,DEBTCONSOLIDATION,D,1750,15.05,1,0.17,Y,3,0,1
3146,23,48000,RENT,4,PERSONAL,B,1800,11.49,0,0.04,N,4,0,0
1190,22,23587,RENT,4,HOMEIMPROVEMENT,B,2000,11.89,1,0.08,N,4,0,0
7275,24,24000,RENT,1,HOMEIMPROVEMENT,D,2000,14.61,1,0.08,Y,2,1,0
7486,24,24000,RENT,0,VENTURE,E,2000,16,1,0.08,Y,2,0,0
6214,23,26496,RENT,1,DEBTCONSOLIDATION,C,2000,13.61,0,0.08,N,4,1,0
3858,26,100000,RENT,5,EDUCATION,A,15000,6.99,0,0.15,N,2,0,0
2788,23,110000,RENT,7,EDUCATION,B,15000,12.18,0,0.14,N,2,0,0
6312,24,75000,RENT,2,MEDICAL,B,2000,9.99,0,0.03,N,2,0,0
348,22,40000,RENT,0,DEBTCONSOLIDATION,A,2100,6.39,0,0.05,N,2,1,0
6482,24,54000,RENT,8,HOMEIMPROVEMENT,E,2100,17.14,1,0.04,N,4,0,0
4448,23,30000,MORTGAGE,0,DEBTCONSOLIDATION,C,1000,13.72,0,0.03,N,4,0,0
5047,23,30000,OWN,0,PERSONAL,B,3000,11.14,0,0.1,N,3,1,0
6727,21,37800,RENT,1,PERSONAL,C,2400,14.26,0,0.06,Y,3,1,0
2791,23,49800,RENT,2,PERSONAL,B,2400,11.83,0,0.05,N,2,1,1
6791,23,63300,RENT,3,DEBTCONSOLIDATION,A,2400,7.9,0,0.04,N,4,1,0
6663,24,68000,RENT,3,EDUCATION,B,13500,12.21,0,0.2,N,2,0,0
8936,21,24000,RENT,2,VENTURE,D,13000,15.7,1,0.54,Y,3,0,0
7678,22,43000,RENT,6,EDUCATION,C,13000,12.87,0,0.3,Y,4,1,1
625,22,48000,RENT,1,MEDICAL,B,13000,9.99,0,0.27,N,2,0,0
5566,22,31200,MORTGAGE,2,DEBTCONSOLIDATION,A,1050,7.51,1,0.03,N,4,0,0
3104,21,28200,RENT,2,DEBTCONSOLIDATION,D,2500,16.77,1,0.09,Y,2,1,0
4564,24,31000,RENT,1,EDUCATION,D,2500,14.54,1,0.08,Y,3,0,1
9628,23,33500,RENT,2,EDUCATION,E,2500,15.68,1,0.07,Y,4,1,0
167,23,92500,RENT,6,VENTURE,B,2500,10.74,0,0.03,N,3,0,0
5495,23,32000,MORTGAGE,1,DEBTCONSOLIDATION,B,15000,11.58,0,0.47,N,4,1,1
9196,22,32004,OWN,0,EDUCATION,A,6600,9.07,0,0.21,N,3,0,0
1020,24,32500,MORTGAGE,6,MEDICAL,C,6600,12.73,0,0.2,N,4,0,0
7615,22,20000,RENT,2,EDUCATION,C,3000,13.11,0,0.15,N,4,0,0
638,23,34008,RENT,5,VENTURE,B,3000,10,0,0.09,N,4,0,1
1396,25,43200,RENT,3,PERSONAL,C,3000,13.8,0,0.07,Y,3,1,0
7734,23,44000,RENT,2,MEDICAL,B,3000,9.25,0,0.07,N,3,1,0
9135,23,50000,RENT,0,EDUCATION,A,3000,6.91,0,0.06,N,2,1,0
811,25,34000,MORTGAGE,9,DEBTCONSOLIDATION,A,2000,7.66,1,0.06,N,4,1,0
6650,22,52000,RENT,6,EDUCATION,B,12000,11.99,0,0.23,N,3,0,0
4184,23,34000,MORTGAGE,7,DEBTCONSOLIDATION,B,19000,11.48,0,0.56,N,4,1,0
2024,25,34000,MORTGAGE,1,EDUCATION,B,10000,11.26,0,0.29,N,3,1,1
7239,24,56000,RENT,4,HOMEIMPROVEMENT,A,12000,8.94,0,0.21,N,3,0,0
1557,25,49000,RENT,2,VENTURE,C,3000,12.68,1,0.06,Y,3,0,0
4169,22,34977,MORTGAGE,5,PERSONAL,D,13000,16,0,0.37,N,2,1,0
2258,24,35000,MORTGAGE,6,MEDICAL,B,8575,10.65,0,0.24,N,4,1,0
7948,22,58170,RENT,1,EDUCATION,A,3000,9.07,1,0.05,N,2,0,0
9646,23,35000,MORTGAGE,7,EDUCATION,A,2100,5.42,0,0.06,N,3,0,0
8449,25,20000,RENT,0,MEDICAL,B,3100,11.71,0,0.15,N,4,0,0
1841,24,35000,MORTGAGE,2,EDUCATION,B,8000,11.86,0,0.23,N,3,1,0
4096,25,30000,RENT,0,MEDICAL,C,3200,13.99,0,0.11,N,2,0,1
3502,24,54731,RENT,2,DEBTCONSOLIDATION,B,3200,11.83,0,0.06,N,2,0,0
6027,24,59000,RENT,8,MEDICAL,C,3200,13.8,1,0.05,N,3,0,1
4689,24,72000,RENT,8,PERSONAL,C,3200,13.92,0,0.04,N,3,0,0
7229,23,18000,RENT,1,VENTURE,C,3250,13.22,1,0.18,N,2,0,0
8034,21,35004,OWN,5,VENTURE,B,1500,9.62,0,0.04,N,2,0,0
1718,21,35004,OWN,0,EDUCATION,D,3000,15.58,0,0.09,N,3,0,0
3124,25,20000,RENT,0,VENTURE,C,3500,10.28,0,0.17,Y,2,0,0
8043,24,24000,RENT,1,DEBTCONSOLIDATION,A,3600,6.62,1,0.15,N,4,1,0
7545,24,30000,RENT,0,PERSONAL,A,3600,7.49,0,0.12,N,4,1,1
2289,23,30000,RENT,7,EDUCATION,B,3600,9.7,0,0.12,N,3,0,1
8905,22,46000,RENT,4,PERSONAL,A,11000,7.49,0,0.24,N,4,1,0
481,21,36000,MORTGAGE,1,DEBTCONSOLIDATION,A,8000,9.32,0,0.22,N,3,0,0
588,26,58195,RENT,3,PERSONAL,B,11000,9.91,0,0.19,N,2,0,0
965,25,55000,RENT,2,VENTURE,C,10800,13.57,0,0.2,N,2,0,0
4855,22,37000,MORTGAGE,7,MEDICAL,B,3600,11.71,0,0.1,N,2,0,0
4385,26,30000,RENT,0,VENTURE,B,10625,11.71,1,0.35,N,3,0,1
5522,25,57700,RENT,2,MEDICAL,D,10600,14.91,1,0.18,Y,4,0,1
2930,25,30000,RENT,3,VENTURE,D,10500,16.29,1,0.35,N,2,1,0
7612,22,45000,RENT,0,PERSONAL,A,10500,6.99,0,0.23,N,2,0,0
7067,25,67000,RENT,2,VENTURE,B,3600,9.99,0,0.05,N,4,0,1
683,25,19800,RENT,9,MEDICAL,D,3625,16.29,1,0.18,N,2,0,0
7549,22,27804,RENT,2,MEDICAL,C,3750,13.85,0,0.13,Y,4,0,0
3827,21,13200,RENT,2,HOMEIMPROVEMENT,A,4000,6.39,1,0.3,N,3,0,0
8094,22,18000,RENT,6,MEDICAL,B,4000,11.49,1,0.22,N,4,0,0
8096,22,19200,RENT,0,VENTURE,B,4000,10.25,1,0.21,N,3,0,0
4453,22,20000,RENT,2,EDUCATION,B,4000,9.45,0,0.2,N,4,1,0
3734,25,28000,RENT,6,VENTURE,A,4000,6.39,0,0.14,N,3,0,0
8964,22,38400,OWN,5,EDUCATION,C,10000,13.99,0,0.26,N,2,0,0
1701,26,30000,RENT,4,VENTURE,B,4000,10.75,0,0.13,N,3,0,0
5840,21,32400,MORTGAGE,3,PERSONAL,C,1750,13.61,1,0.05,Y,4,0,0
6309,26,30000,RENT,3,MEDICAL,C,4000,14.27,1,0.13,Y,2,0,1
1633,25,38400,RENT,2,EDUCATION,B,4000,12.53,0,0.1,N,4,0,0
7373,23,36000,RENT,7,MEDICAL,B,4000,10.99,1,0.11,N,4,1,0
7530,22,39124,OWN,6,VENTURE,A,5000,7.74,0,0.13,N,4,0,1
6193,25,42500,RENT,0,MEDICAL,C,4000,12.99,0,0.09,N,3,0,0
8836,22,41000,RENT,7,PERSONAL,A,4000,7.51,1,0.1,N,3,1,0
1258,24,70000,RENT,8,VENTURE,C,4000,13.49,0,0.06,Y,4,0,0
6276,24,72000,RENT,4,DEBTCONSOLIDATION,A,4000,7.88,0,0.06,N,3,0,0
9130,22,40000,MORTGAGE,6,MEDICAL,A,5000,6.03,0,0.13,N,2,0,1
4924,22,40000,MORTGAGE,3,DEBTCONSOLIDATION,A,2000,7.9,0,0.05,N,2,0,1
183,26,34000,MORTGAGE,3,MEDICAL,D,4000,17.58,1,0.12,N,3,0,0
1617,23,21600,RENT,0,PERSONAL,C,4200,15.23,0,0.19,N,4,0,0
284,25,40000,OWN,0,MEDICAL,A,11000,8.49,0,0.28,N,2,1,0
2514,23,40000,MORTGAGE,2,MEDICAL,B,7000,8.88,0,0.17,N,3,1,0
8057,24,40000,RENT,8,MEDICAL,C,4500,12.84,0,0.11,N,3,0,0
706,22,48300,RENT,0,HOMEIMPROVEMENT,B,4500,9.76,1,0.09,N,2,0,0
9499,23,55000,RENT,4,VENTURE,A,4500,8.49,0,0.08,N,3,0,0
6556,23,52000,RENT,5,PERSONAL,D,4600,14.96,1,0.09,N,2,0,0
162,22,21000,RENT,5,MEDICAL,B,4800,10.75,0,0.23,N,3,0,0
3621,23,36000,RENT,0,PERSONAL,B,4800,11.11,0,0.13,N,3,1,0
5402,24,45840,RENT,2,DEBTCONSOLIDATION,A,4800,7.49,0,0.1,N,2,0,0
8286,26,60000,RENT,1,HOMEIMPROVEMENT,A,4800,7.9,0,0.08,N,3,0,0
4920,24,60000,RENT,4,HOMEIMPROVEMENT,A,4800,6.54,0,0.08,N,4,0,0
121,23,41000,MORTGAGE,7,DEBTCONSOLIDATION,B,5500,10.71,0,0.13,N,4,0,0
3930,21,41004,MORTGAGE,5,VENTURE,B,24250,10.75,0,0.59,N,2,0,0
339,25,120000,RENT,3,DEBTCONSOLIDATION,A,10000,9.32,0,0.08,N,2,1,0
59,23,120000,RENT,0,DEBTCONSOLIDATION,C,10000,11.66,0,0.08,N,2,0,1
9469,25,130000,RENT,7,HOMEIMPROVEMENT,A,10000,7.49,0,0.08,N,2,1,0
8853,22,42000,MORTGAGE,7,DEBTCONSOLIDATION,B,9350,12.69,0,0.22,N,2,1,0
796,24,82500,RENT,8,MEDICAL,A,9800,7.51,0,0.12,N,4,1,0
1511,23,29100,RENT,3,EDUCATION,D,5000,14.84,0,0.17,N,2,0,0
8039,22,30000,RENT,0,HOMEIMPROVEMENT,B,5000,8.88,1,0.17,N,3,0,0
5480,24,36000,MORTGAGE,8,HOMEIMPROVEMENT,A,6000,7.14,1,0.17,N,4,0,0
1323,24,35000,RENT,8,DEBTCONSOLIDATION,A,5000,7.88,0,0.14,N,4,1,1
8541,25,42000,MORTGAGE,5,DEBTCONSOLIDATION,A,7000,8.59,0,0.17,N,3,0,0
2293,25,36000,MORTGAGE,2,DEBTCONSOLIDATION,C,13750,13.22,1,0.38,N,4,0,0
6000,23,39000,RENT,6,EDUCATION,B,5000,12.69,0,0.13,N,3,0,0
2920,22,43000,OWN,5,VENTURE,B,3500,11.49,0,0.08,N,3,0,0
7195,24,37000,MORTGAGE,0,MEDICAL,C,8500,12.53,1,0.23,Y,2,1,1
5000,25,47000,RENT,0,MEDICAL,B,5000,12.42,0,0.11,N,4,1,0
8637,26,47000,RENT,1,EDUCATION,A,5000,7.14,0,0.11,N,4,0,0
774,26,42000,RENT,3,PERSONAL,C,5000,13.99,1,0.12,N,3,0,0
423,22,43200,MORTGAGE,7,PERSONAL,A,11000,5.42,0,0.25,N,2,0,1
533,22,43200,OWN,6,EDUCATION,A,6000,7.68,0,0.14,N,3,1,0
4526,26,55000,RENT,10,EDUCATION,E,9000,16.7,0,0.16,N,3,1,0
918,23,60000,RENT,2,MEDICAL,A,9000,6.17,0,0.15,N,2,0,0
8020,25,44000,MORTGAGE,7,HOMEIMPROVEMENT,A,5000,7.4,0,0.11,N,3,0,0
7485,22,110500,RENT,2,EDUCATION,A,9000,5.79,0,0.08,N,4,0,0
5776,26,33000,RENT,4,MEDICAL,D,8975,16.02,0,0.27,Y,3,0,0
150,26,52800,RENT,4,VENTURE,B,8975,10.99,0,0.17,N,2,0,0
35,25,19240,RENT,0,HOMEIMPROVEMENT,B,8875,10.65,1,0.46,N,4,0,1
874,23,44400,RENT,4,VENTURE,D,5000,16.29,1,0.11,Y,4,1,0
9818,22,45000,OWN,4,PERSONAL,A,7000,6.62,0,0.16,N,3,0,1
7631,23,29520,RENT,7,EDUCATION,D,8500,15.37,0,0.29,Y,2,1,0
4547,22,45000,MORTGAGE,2,EDUCATION,D,8000,16.49,0,0.18,N,2,0,0
8054,26,39000,MORTGAGE,0,DEBTCONSOLIDATION,D,5600,16.49,1,0.14,Y,3,1,0
743,21,45000,MORTGAGE,0,DEBTCONSOLIDATION,A,6250,5.42,0,0.14,N,3,0,0
8428,25,45000,MORTGAGE,9,DEBTCONSOLIDATION,B,4000,9.25,0,0.09,N,3,0,0
7881,24,39000,MORTGAGE,2,HOMEIMPROVEMENT,C,16000,14.22,1,0.41,N,4,0,0
1888,25,62400,RENT,5,VENTURE,A,5000,7.51,0,0.08,N,2,0,0
6616,23,45000,MORTGAGE,4,EDUCATION,B,9925,11.48,0,0.22,N,2,0,0
3916,23,45000,OWN,0,VENTURE,C,8000,12.84,0,0.18,Y,2,0,0
7642,23,45000,MORTGAGE,1,MEDICAL,B,10000,12.21,0,0.22,N,2,1,0
5485,23,45000,OWN,3,MEDICAL,A,7000,9.63,0,0.16,N,3,0,0
2076,23,45000,MORTGAGE,1,EDUCATION,B,8000,10.51,0,0.18,N,4,1,0
8131,24,73500,RENT,3,HOMEIMPROVEMENT,C,5000,12.99,0,0.07,N,4,0,1
6088,23,45288,MORTGAGE,7,DEBTCONSOLIDATION,B,20500,9.25,0,0.45,N,2,0,0
5547,25,45600,MORTGAGE,6,HOMEIMPROVEMENT,A,15000,5.79,0,0.33,N,2,0,0
9276,23,100000,RENT,5,PERSONAL,A,5000,8.49,0,0.05,N,3,0,0
1160,24,108000,RENT,8,EDUCATION,B,5000,12.69,0,0.05,N,4,1,1
4653,22,111460,RENT,3,DEBTCONSOLIDATION,B,5000,11.71,0,0.04,N,4,0,0
11,25,46000,MORTGAGE,4,EDUCATION,C,2125,12.99,0,0.05,Y,2,0,1
9093,22,24996,RENT,4,PERSONAL,C,5300,15.23,0,0.21,Y,4,0,1
5714,25,46000,MORTGAGE,5,EDUCATION,B,23500,10.25,0,0.51,N,4,0,0
4793,22,46000,MORTGAGE,3,DEBTCONSOLIDATION,A,6000,7.68,0,0.13,N,2,0,0
4103,24,46325,MORTGAGE,6,MEDICAL,A,3600,7.68,0,0.08,N,4,0,0
9919,23,33996,RENT,1,EDUCATION,C,5500,13.47,0,0.16,Y,2,1,1
8103,24,47000,MORTGAGE,7,MEDICAL,B,15000,10.74,0,0.32,N,2,1,1
5749,23,40440,RENT,0,EDUCATION,C,5500,12.73,0,0.14,N,4,0,0
6914,22,47000,MORTGAGE,3,MEDICAL,A,15000,7.66,0,0.32,N,2,1,1
1165,24,47000,OWN,1,PERSONAL,B,6000,11.11,0,0.13,N,4,1,1
7541,22,56000,RENT,7,EDUCATION,A,5500,9.38,0,0.1,N,3,1,1
4573,25,47412,MORTGAGE,0,EDUCATION,A,6500,8.59,0,0.14,N,2,1,0
4677,21,25000,RENT,5,VENTURE,A,5600,7.29,0,0.22,N,2,1,0
9760,21,30000,RENT,1,PERSONAL,D,5600,14.46,1,0.19,N,2,1,0
666,24,47500,MORTGAGE,8,HOMEIMPROVEMENT,A,7000,7.74,0,0.15,N,3,1,0
664,25,36276,RENT,0,EDUCATION,B,5600,9.99,0,0.15,N,4,1,1
9117,25,42000,RENT,6,MEDICAL,A,5600,7.49,0,0.13,N,2,1,0
5373,22,52800,RENT,3,EDUCATION,A,5600,7.29,0,0.11,N,3,0,0
6328,21,60000,RENT,3,DEBTCONSOLIDATION,B,5600,9.25,0,0.09,N,3,1,1
3515,22,37000,RENT,4,EDUCATION,A,5700,5.42,0,0.15,N,4,0,0
7707,25,147750,RENT,3,HOMEIMPROVEMENT,B,5750,9.99,0,0.04,N,4,0,0
8060,25,48000,MORTGAGE,9,DEBTCONSOLIDATION,C,1000,13.49,0,0.02,Y,3,0,0
2962,25,22800,RENT,0,MEDICAL,C,6000,13.35,1,0.26,N,4,1,0
814,22,48000,MORTGAGE,6,EDUCATION,A,5000,7.88,0,0.1,N,2,0,0
1101,21,25200,RENT,2,EDUCATION,A,6000,7.49,0,0.24,N,3,0,0
6699,25,48000,MORTGAGE,5,HOMEIMPROVEMENT,A,7800,8.94,0,0.16,N,2,0,1
5543,26,26400,RENT,6,MEDICAL,C,6000,6,0,0.23,N,4,1,0
6674,24,42000,MORTGAGE,2,DEBTCONSOLIDATION,A,3500,8.94,1,0.08,N,3,0,1
3293,25,27040,RENT,2,PERSONAL,A,6000,7.9,0,0.22,N,2,0,0
1846,26,33000,RENT,1,VENTURE,D,6000,14.84,1,0.18,N,2,0,0
6416,24,30000,RENT,0,PERSONAL,D,6000,14.11,1,0.2,Y,4,1,1
4803,24,37200,RENT,2,PERSONAL,B,6000,9.99,0,0.16,N,3,1,0
7181,23,39996,RENT,2,DEBTCONSOLIDATION,A,6000,7.51,0,0.15,N,3,0,0
9398,21,50000,MORTGAGE,5,VENTURE,A,3500,6.03,0,0.07,N,4,1,1
9892,24,50000,OWN,7,HOMEIMPROVEMENT,B,20000,12.69,0,0.4,N,2,0,1
86,25,46000,RENT,3,PERSONAL,C,6000,14.72,0,0.13,Y,4,0,0
7470,23,50000,MORTGAGE,2,VENTURE,A,6400,8.49,0,0.13,N,4,0,0
2822,23,48000,RENT,3,EDUCATION,B,6000,11.89,0,0.13,N,3,1,1
3748,24,50000,MORTGAGE,7,HOMEIMPROVEMENT,C,6000,13.99,0,0.12,Y,4,1,1
9504,25,50000,RENT,5,HOMEIMPROVEMENT,C,6000,12.99,0,0.12,Y,3,0,0
2342,26,50000,OWN,7,MEDICAL,A,12000,8.49,0,0.24,N,4,1,0
8281,23,50000,MORTGAGE,3,PERSONAL,A,6000,6.92,0,0.12,N,2,0,0
8729,26,48000,RENT,0,PERSONAL,E,6000,16.45,1,0.13,N,4,0,0
8675,26,49200,RENT,7,MEDICAL,D,6000,16.49,1,0.12,Y,2,0,0
5170,25,59366,RENT,4,MEDICAL,B,6000,11.11,0,0.1,N,2,0,0
6367,25,50000,MORTGAGE,9,DEBTCONSOLIDATION,B,5000,11.36,0,0.1,N,2,0,0
5639,23,50000,MORTGAGE,4,EDUCATION,B,20000,10.62,0,0.4,N,4,0,0
6986,23,50000,OWN,3,VENTURE,A,5000,8.94,0,0.1,N,3,1,1
9416,23,70000,RENT,4,EDUCATION,B,6000,11.49,0,0.09,N,4,0,0
1742,23,73500,RENT,7,PERSONAL,D,6000,14.96,0,0.08,Y,4,0,0
6757,23,69000,RENT,7,DEBTCONSOLIDATION,D,6000,16.02,1,0.09,Y,2,0,0
5285,26,120000,RENT,10,VENTURE,B,6000,9.88,0,0.05,N,2,0,0
6934,24,65000,RENT,0,VENTURE,A,6200,8.9,0,0.1,N,2,0,0
3835,25,51000,MORTGAGE,7,DEBTCONSOLIDATION,C,7600,12.23,0,0.15,N,3,0,0
1630,24,51600,OWN,8,VENTURE,C,20000,12.87,0,0.39,N,4,1,1
7553,23,65000,RENT,0,VENTURE,B,7000,10.71,0,0.11,N,2,0,0
3889,24,51996,MORTGAGE,0,PERSONAL,B,12000,10.74,0,0.23,N,3,0,0
1435,22,51996,OWN,6,VENTURE,C,8400,12.98,0,0.16,Y,4,0,0
8185,23,74000,RENT,7,HOMEIMPROVEMENT,A,7000,6.03,1,0.09,N,3,0,1
5950,22,28000,RENT,0,EDUCATION,C,6975,12.29,0,0.25,N,4,0,1
6815,20,42000,RENT,4,VENTURE,B,6500,11.71,0,0.15,N,2,0,0
6079,22,52500,MORTGAGE,3,DEBTCONSOLIDATION,B,4000,10.65,0,0.08,N,4,0,1
5181,25,72600,RENT,5,HOMEIMPROVEMENT,A,6500,7.74,0,0.09,N,2,0,0
9005,26,52700,MORTGAGE,7,PERSONAL,A,4000,7.4,0,0.08,N,3,0,0
4791,23,52780,MORTGAGE,2,PERSONAL,A,8000,7.51,0,0.15,N,2,0,0
5261,22,52800,MORTGAGE,5,VENTURE,B,4000,10.99,0,0.08,N,2,0,0
3465,23,45000,RENT,2,MEDICAL,A,6575,8,0,0.15,N,4,0,0
9819,26,53000,MORTGAGE,10,MEDICAL,C,11500,14.65,0,0.22,N,4,0,0
8345,22,53000,MORTGAGE,4,PERSONAL,D,8000,16.07,0,0.15,Y,4,0,1
2601,25,75000,RENT,9,VENTURE,A,6775,7.9,0,0.09,N,4,1,0
2884,25,53481,OWN,4,EDUCATION,A,15000,6.03,0,0.28,N,3,0,1
5488,21,20000,RENT,4,PERSONAL,B,6400,10.99,1,0.32,N,3,1,0
1751,26,31200,RENT,1,VENTURE,A,6400,7.51,0,0.21,N,3,0,0
4657,23,54000,MORTGAGE,7,MEDICAL,A,6000,6.03,0,0.11,N,4,0,0
2750,22,60000,RENT,1,EDUCATION,A,6850,7.14,0,0.11,N,2,1,0
9334,25,26004,RENT,8,DEBTCONSOLIDATION,A,7000,6.92,0,0.27,N,3,0,1
2080,24,27600,RENT,4,PERSONAL,D,7000,15.62,1,0.25,Y,4,1,0
5272,22,30000,RENT,4,DEBTCONSOLIDATION,D,7000,16.49,1,0.23,Y,3,1,0
782,24,37000,RENT,2,PERSONAL,B,7000,9.99,0,0.19,N,2,1,0
6478,24,40040,RENT,0,MEDICAL,C,7000,13.23,0,0.17,Y,3,0,0
1817,23,44500,RENT,2,EDUCATION,A,7000,8,0,0.16,N,2,0,0
9690,25,46000,RENT,5,EDUCATION,B,7000,10.25,0,0.15,N,3,0,0
4092,24,50000,RENT,8,DEBTCONSOLIDATION,B,7000,11.71,0,0.14,N,3,0,0
7839,21,44004,RENT,2,HOMEIMPROVEMENT,B,7000,11.46,1,0.16,N,2,1,0
3815,21,52000,RENT,5,EDUCATION,A,7000,7.49,0,0.13,N,4,0,0
4062,26,49000,MORTGAGE,10,DEBTCONSOLIDATION,E,13000,16.45,1,0.27,N,3,1,0
751,23,55000,MORTGAGE,1,EDUCATION,B,10000,10.75,0,0.18,N,4,1,1
7113,26,50000,RENT,1,DEBTCONSOLIDATION,B,7150,12.69,0,0.14,N,2,0,0
5457,25,32004,RENT,0,MEDICAL,C,7200,12.84,0,0.22,N,4,0,0
707,21,42000,RENT,6,EDUCATION,A,7200,5.42,0,0.17,N,4,0,1
7651,24,55000,MORTGAGE,2,VENTURE,A,6000,8,0,0.11,N,2,0,1
9372,23,21000,RENT,6,DEBTCONSOLIDATION,A,7500,6.91,1,0.36,N,4,0,0
5079,23,21360,RENT,0,PERSONAL,A,7500,7.14,1,0.35,N,3,1,0
1505,24,56000,MORTGAGE,5,VENTURE,A,13000,8.94,0,0.23,N,3,0,0
9234,21,27600,RENT,4,EDUCATION,A,7500,6.76,0,0.27,N,4,1,1
8916,26,36000,RENT,10,VENTURE,B,7500,10.59,0,0.21,N,3,1,0
268,23,38000,RENT,0,MEDICAL,A,7500,7.88,0,0.2,N,4,0,0
3780,23,57000,MORTGAGE,0,VENTURE,B,20000,11.99,0,0.35,N,2,1,0
6533,23,57000,MORTGAGE,1,MEDICAL,C,4200,12.68,0,0.07,Y,4,1,0
6766,22,50000,RENT,1,MEDICAL,A,7500,8.94,0,0.15,N,3,0,0
7772,24,50000,RENT,2,HOMEIMPROVEMENT,B,7500,10.01,0,0.15,N,3,1,0
3271,26,51000,MORTGAGE,5,MEDICAL,D,7000,15.21,1,0.14,N,4,1,0
7551,23,57000,RENT,8,EDUCATION,C,7500,11.97,0,0.13,N,4,1,1
9713,25,53000,RENT,3,MEDICAL,D,7500,12.92,1,0.14,N,4,1,1
3278,23,57504,MORTGAGE,1,DEBTCONSOLIDATION,A,9000,6.54,0,0.16,N,3,1,0
6322,26,51996,MORTGAGE,2,MEDICAL,E,6500,15.68,1,0.13,N,4,1,0
5716,23,57000,RENT,5,VENTURE,B,7650,11.71,0,0.13,N,4,0,0
7380,25,58000,MORTGAGE,9,MEDICAL,A,8500,7.14,0,0.15,N,3,0,0
8172,26,38000,RENT,6,VENTURE,B,7800,12.53,0,0.21,N,4,0,0
3098,26,58125,MORTGAGE,10,VENTURE,B,6000,10.25,0,0.1,N,2,0,0
109,24,16000,RENT,0,HOMEIMPROVEMENT,C,8000,13.57,1,0.5,N,2,1,0
2515,26,59000,MORTGAGE,9,PERSONAL,A,6000,7.51,0,0.1,N,4,0,0
8021,24,53000,MORTGAGE,6,MEDICAL,D,5000,15.62,1,0.09,N,4,0,0
3849,24,30000,RENT,8,PERSONAL,B,8000,9.25,0,0.27,N,2,1,0
1811,23,30188,RENT,3,PERSONAL,C,8000,14.65,0,0.27,N,2,1,0
2292,23,54000,MORTGAGE,7,EDUCATION,B,21200,12.42,1,0.39,N,2,1,0
4625,24,54000,MORTGAGE,6,HOMEIMPROVEMENT,C,6300,14.65,1,0.12,Y,2,1,0
3305,22,34000,RENT,2,DEBTCONSOLIDATION,B,8000,9.91,0,0.24,N,4,1,0
1232,22,60000,MORTGAGE,6,EDUCATION,B,6000,9.91,0,0.1,N,4,0,0
1553,22,38400,RENT,6,EDUCATION,A,8000,7.88,0,0.21,N,4,0,0
9309,26,39000,RENT,2,DEBTCONSOLIDATION,A,8000,6.62,0,0.21,N,2,0,1
2872,24,36000,RENT,2,VENTURE,D,8000,14.96,1,0.22,Y,2,0,0
7199,25,60000,MORTGAGE,6,MEDICAL,C,13000,14.17,0,0.22,Y,3,1,0
1656,24,60000,MORTGAGE,2,MEDICAL,B,9700,8.88,0,0.16,N,3,0,0
8386,26,60000,MORTGAGE,4,EDUCATION,B,7000,9.62,0,0.12,N,3,1,0
5896,23,48000,RENT,3,DEBTCONSOLIDATION,D,8000,15.58,1,0.17,N,2,1,0
4683,22,60000,RENT,2,MEDICAL,B,5125,11.86,0,0.09,N,3,0,1
3147,25,45000,RENT,4,MEDICAL,B,5100,10,0,0.11,N,4,0,1
5039,22,40000,RENT,2,DEBTCONSOLIDATION,C,5025,13.43,0,0.13,N,2,0,0
7254,22,60000,OTHER,6,VENTURE,D,8000,16,0,0.13,N,2,0,1
7188,24,22992,RENT,1,HOMEIMPROVEMENT,C,5000,13.06,1,0.22,Y,3,0,0
3223,22,60400,MORTGAGE,0,EDUCATION,A,24000,6.54,0,0.4,N,3,1,1
6584,22,61000,MORTGAGE,6,MEDICAL,C,12000,13.49,0,0.2,N,2,1,0
4792,24,61781,MORTGAGE,6,EDUCATION,B,17800,10.25,0,0.29,N,3,0,0
3645,26,62000,MORTGAGE,0,PERSONAL,A,12000,7.9,0,0.19,N,2,1,0
8,22,72000,RENT,2,EDUCATION,A,8000,7.9,0,0.11,N,4,0,0
5599,24,81600,RENT,5,VENTURE,C,8000,12.84,0,0.1,Y,2,0,0
6596,24,56000,MORTGAGE,1,VENTURE,C,10000,14.35,1,0.18,N,4,0,0
7699,25,84000,RENT,1,VENTURE,E,8000,16.45,1,0.1,N,2,0,0
6784,25,115000,RENT,2,VENTURE,B,8000,11.71,0,0.07,N,4,0,0
2143,23,62400,MORTGAGE,4,VENTURE,A,7200,8.9,0,0.12,N,4,1,1
8460,21,50000,RENT,5,DEBTCONSOLIDATION,A,8075,6.17,0,0.16,N,2,0,0
4314,25,63000,MORTGAGE,9,MEDICAL,A,20000,8.49,0,0.32,N,4,0,1
1606,22,42000,RENT,3,MEDICAL,C,8400,14.35,0,0.2,N,4,0,0
7534,22,51420,RENT,6,PERSONAL,C,8400,11.97,0,0.16,Y,3,1,0
9830,23,63600,MORTGAGE,7,VENTURE,A,2475,5.79,0,0.04,N,3,0,1
9475,26,64000,MORTGAGE,7,HOMEIMPROVEMENT,A,5000,6.62,0,0.08,N,2,1,0
6130,26,64000,MORTGAGE,3,EDUCATION,B,12000,11.71,0,0.19,N,3,1,1
6363,22,64000,MORTGAGE,1,DEBTCONSOLIDATION,A,6625,6.62,0,0.1,N,2,0,0
3175,23,28000,RENT,0,EDUCATION,A,8700,6.03,1,0.31,N,2,1,1
9750,24,31200,RENT,7,PERSONAL,B,9000,10.38,0,0.29,N,4,0,0
3630,26,65000,MORTGAGE,9,PERSONAL,D,3000,18.25,0,0.05,Y,4,0,0
7664,24,65000,MORTGAGE,8,PERSONAL,B,6300,11.71,0,0.1,N,2,1,0
1743,22,49500,RENT,0,PERSONAL,C,9000,14.35,0,0.18,Y,4,0,0
5510,22,54000,RENT,4,DEBTCONSOLIDATION,C,9000,15.96,0,0.17,Y,3,0,0
9608,22,65000,MORTGAGE,2,VENTURE,B,10000,11.11,0,0.15,N,3,0,0
2062,26,29000,RENT,10,DEBTCONSOLIDATION,A,9200,7.49,1,0.32,N,3,1,0
1813,22,62000,RENT,6,PERSONAL,C,9200,12.98,0,0.15,N,3,1,1
826,24,65000,MORTGAGE,5,MEDICAL,B,2000,9.62,0,0.03,N,3,0,1
3382,22,65000,OWN,6,MEDICAL,C,3000,13.92,0,0.05,Y,4,1,0
4253,25,61000,RENT,4,VENTURE,A,9500,7.51,0,0.16,N,2,1,0
8873,22,69000,RENT,1,HOMEIMPROVEMENT,D,9500,15.33,1,0.14,Y,4,0,1
6317,25,24000,RENT,9,PERSONAL,B,9600,11.71,1,0.4,N,4,0,1
647,26,33996,RENT,1,MEDICAL,B,9600,9.88,0,0.28,N,2,1,1
8257,23,31800,RENT,7,PERSONAL,C,9600,13.48,1,0.3,Y,3,0,0
934,22,67000,MORTGAGE,7,DEBTCONSOLIDATION,A,8800,7.51,0,0.13,N,2,0,0
5016,22,24996,RENT,3,MEDICAL,A,10000,8.94,1,0.4,N,4,1,0
5746,24,67430,MORTGAGE,8,MEDICAL,C,12000,12.87,0,0.18,Y,4,0,0
7586,22,67807,MORTGAGE,6,VENTURE,A,6400,7.14,0,0.09,N,3,0,0
4412,22,68000,MORTGAGE,3,EDUCATION,B,14800,9.88,0,0.22,N,4,0,0
2187,22,31000,RENT,6,PERSONAL,A,10000,8.9,1,0.32,N,4,1,0
5233,23,31000,RENT,0,MEDICAL,A,10000,7.51,1,0.32,N,2,0,0
4939,24,36000,RENT,2,DEBTCONSOLIDATION,B,10000,11.46,0,0.28,N,4,0,0
4240,23,37000,RENT,4,PERSONAL,C,10000,13.23,0,0.27,N,3,0,0
6503,22,38004,RENT,5,PERSONAL,B,10000,10.37,0,0.26,N,4,1,1
3514,23,70000,MORTGAGE,3,VENTURE,A,15000,8.49,0,0.21,N,2,1,0
2427,25,40000,RENT,6,MEDICAL,B,10000,10,0,0.25,N,4,0,0
1270,24,70000,MORTGAGE,4,EDUCATION,B,21000,11.99,0,0.3,N,4,0,0
7084,22,42000,RENT,1,EDUCATION,B,10000,12.42,0,0.24,N,4,1,0
3476,25,42000,RENT,1,VENTURE,B,10000,10.99,0,0.24,N,2,1,0
3791,22,45000,RENT,4,EDUCATION,A,10000,7.51,0,0.22,N,2,0,1
6744,24,70000,MORTGAGE,8,VENTURE,A,6000,7.88,0,0.09,N,3,0,0
6455,23,30000,RENT,0,EDUCATION,B,4275,11.86,0,0.14,N,4,0,1
6223,24,39600,RENT,7,HOMEIMPROVEMENT,B,10000,10.36,1,0.25,N,3,1,0
8009,22,31200,RENT,3,VENTURE,C,4200,13.57,0,0.13,Y,2,0,0
1420,22,72500,RENT,6,DEBTCONSOLIDATION,B,4200,11.71,0,0.06,N,3,1,0
5844,21,30000,RENT,2,MEDICAL,A,4150,6.76,0,0.14,N,3,0,0
4288,22,38004,RENT,0,MEDICAL,B,4100,11.49,0,0.11,N,4,0,0
7299,23,48000,RENT,1,EDUCATION,C,10000,12.84,0,0.21,N,4,0,1
7163,23,50000,RENT,5,EDUCATION,A,10000,7.51,0,0.2,N,3,0,0
6082,23,72000,MORTGAGE,5,MEDICAL,A,16000,7.4,0,0.22,N,3,0,1
8857,26,72000,OWN,10,MEDICAL,A,10000,7.74,0,0.14,N,4,0,1
498,24,73000,MORTGAGE,3,MEDICAL,A,10000,7.49,0,0.14,N,3,0,0
3920,24,56950,MORTGAGE,4,MEDICAL,B,4500,10,1,0.07,N,3,0,0
5904,26,75000,MORTGAGE,10,VENTURE,B,5000,9.91,0,0.07,N,3,1,0
2111,23,75000,MORTGAGE,4,VENTURE,B,12000,9.91,0,0.16,N,2,0,1
8081,22,62364,RENT,2,EDUCATION,B,10000,10.99,0,0.16,N,2,0,0
750,26,75000,MORTGAGE,8,DEBTCONSOLIDATION,C,7200,15.23,0,0.1,N,4,0,0
1740,24,75000,MORTGAGE,4,VENTURE,B,19000,11.99,0,0.25,N,3,0,0
1897,23,75000,MORTGAGE,0,DEBTCONSOLIDATION,A,12000,6.92,0,0.16,N,4,1,0
4512,21,75000,MORTGAGE,5,EDUCATION,A,5400,7.29,0,0.07,N,3,0,0
2685,22,75000,MORTGAGE,3,EDUCATION,A,9000,5.79,0,0.12,N,2,0,1
8187,24,69600,RENT,2,PERSONAL,A,10000,8.38,0,0.14,N,2,0,0
7782,26,75000,MORTGAGE,2,VENTURE,A,4000,5.79,0,0.05,N,3,1,0
166,25,70000,RENT,0,MEDICAL,B,10000,10.95,0,0.14,N,3,1,1
2370,23,75000,MORTGAGE,7,VENTURE,B,17000,11.12,0,0.23,N,2,0,0
7691,24,75000,RENT,4,VENTURE,A,10000,6.62,0,0.13,N,4,0,0
7224,24,75000,RENT,8,PERSONAL,B,10000,9.91,0,0.13,N,3,0,0
3224,24,80000,RENT,5,VENTURE,B,10000,11.14,0,0.13,N,4,0,0
2315,26,88000,RENT,10,VENTURE,B,10000,12.69,0,0.11,N,2,1,1
9698,21,78000,RENT,2,DEBTCONSOLIDATION,D,10000,15.57,1,0.13,Y,4,1,0
1030,23,90000,RENT,4,VENTURE,A,10000,7.51,0,0.11,N,2,1,1
3095,22,76800,MORTGAGE,3,DEBTCONSOLIDATION,A,6000,6.62,0,0.08,N,4,1,0
6680,24,94000,RENT,8,HOMEIMPROVEMENT,E,10000,18.64,0,0.11,N,2,0,0
2304,25,77004,MORTGAGE,2,DEBTCONSOLIDATION,C,16000,13.92,0,0.21,N,2,1,0
1744,24,100000,RENT,1,PERSONAL,C,10200,12.99,0,0.1,Y,4,0,0
9327,22,78000,MORTGAGE,6,DEBTCONSOLIDATION,B,9600,10.95,0,0.12,N,2,1,0
798,23,78500,MORTGAGE,7,DEBTCONSOLIDATION,A,4800,7.14,0,0.06,N,4,0,0
8820,24,180000,RENT,3,PERSONAL,A,11200,5.79,0,0.06,N,4,0,0
6127,25,30000,RENT,10,VENTURE,A,11400,7.51,1,0.38,N,4,0,0
2766,25,79000,MORTGAGE,0,DEBTCONSOLIDATION,A,9000,6.76,0,0.11,N,4,0,0
5228,23,79200,MORTGAGE,6,EDUCATION,A,8000,7.88,0,0.1,N,4,1,0
1532,22,79200,MORTGAGE,6,VENTURE,B,4750,10.25,0,0.06,N,3,0,0
7844,26,45760,RENT,8,DEBTCONSOLIDATION,C,11500,11.78,0,0.25,N,4,0,0
7996,22,80000,MORTGAGE,6,VENTURE,B,16000,12.42,0,0.2,N,4,1,0
6877,22,74000,MORTGAGE,6,EDUCATION,A,4000,7.51,1,0.05,N,3,1,1
6030,26,76000,RENT,5,DEBTCONSOLIDATION,C,11800,13.11,0,0.16,Y,3,0,0
5350,26,80000,MORTGAGE,6,MEDICAL,A,2000,6.91,0,0.03,N,3,0,0
2702,23,80000,OWN,7,VENTURE,B,25000,9.99,0,0.31,N,3,0,0
3037,24,36000,RENT,7,MEDICAL,B,12000,8.88,1,0.33,N,4,1,0
6168,26,38400,RENT,0,MEDICAL,A,12000,5.99,1,0.31,N,2,0,0
9290,23,39000,RENT,1,EDUCATION,B,12000,10.99,1,0.31,N,4,0,0
2245,24,39996,RENT,8,DEBTCONSOLIDATION,B,12000,12.69,0,0.3,N,3,0,0
496,23,40000,RENT,2,DEBTCONSOLIDATION,B,12000,12.18,0,0.3,N,4,0,0
6085,24,36000,RENT,2,PERSONAL,B,12000,9.91,1,0.33,N,3,1,0
8606,21,42000,RENT,0,EDUCATION,C,12000,13.23,0,0.29,N,2,0,0
2701,23,81120,MORTGAGE,3,PERSONAL,B,15000,10.25,0,0.18,N,4,0,0
9509,26,81360,MORTGAGE,4,HOMEIMPROVEMENT,A,6000,7.9,0,0.07,N,4,0,0
5797,25,82000,MORTGAGE,3,HOMEIMPROVEMENT,B,15000,10.37,0,0.18,N,2,0,0
1521,23,82000,MORTGAGE,5,PERSONAL,B,9600,10,0,0.12,N,2,0,0
3084,22,42000,RENT,2,MEDICAL,D,12000,15.65,1,0.29,Y,3,0,1
6575,25,83004,MORTGAGE,9,PERSONAL,A,5000,6.76,0,0.06,N,4,0,0
8790,25,83400,MORTGAGE,2,DEBTCONSOLIDATION,C,10000,13.11,0,0.12,N,3,0,0
1713,23,26880,RENT,6,DEBTCONSOLIDATION,C,3000,12.23,0,0.11,Y,2,1,0
2855,21,27600,RENT,2,EDUCATION,B,3000,11.49,0,0.11,N,4,0,0
5631,25,84000,MORTGAGE,8,PERSONAL,B,8500,11.83,0,0.1,N,3,0,1
3063,23,64000,RENT,0,PERSONAL,C,12000,13.16,0,0.19,N,2,0,1
6608,22,65400,RENT,1,EDUCATION,C,12000,13.06,0,0.18,N,2,1,1
3090,24,70000,RENT,1,VENTURE,B,12000,11.58,0,0.17,N,3,0,0
6166,25,70000,RENT,9,EDUCATION,D,12000,13.55,0,0.17,Y,3,0,1
9905,26,85000,MORTGAGE,3,DEBTCONSOLIDATION,B,4000,9.25,0,0.05,N,2,1,0
747,22,85000,MORTGAGE,6,EDUCATION,C,5000,12.61,0,0.06,N,2,1,0
7368,24,85000,MORTGAGE,4,MEDICAL,B,7750,11.12,0,0.09,N,4,1,0
7589,23,80000,RENT,3,VENTURE,B,12000,10.59,0,0.15,N,4,1,0
4313,26,80000,RENT,10,VENTURE,B,12000,11.83,0,0.15,N,3,0,0
4925,25,74000,RENT,0,VENTURE,D,12000,14.11,1,0.16,Y,2,0,1
9042,24,36000,OWN,4,PERSONAL,C,5000,13.49,0,0.14,Y,4,0,0
1442,23,78000,RENT,1,HOMEIMPROVEMENT,D,12000,14.96,1,0.15,N,4,0,0
54,22,78996,RENT,1,DEBTCONSOLIDATION,D,12000,15.95,1,0.15,Y,3,0,0
3052,22,86400,MORTGAGE,6,PERSONAL,C,24000,13.85,0,0.28,N,2,0,0
4951,23,85000,RENT,2,VENTURE,C,12000,13.16,0,0.14,Y,4,0,0
3693,24,36000,OWN,0,VENTURE,C,4000,13.06,0,0.11,Y,3,1,0
9359,26,87300,MORTGAGE,0,VENTURE,C,6000,10.28,0,0.07,Y,4,0,0
307,21,87500,MORTGAGE,5,PERSONAL,C,25000,13.98,0,0.29,Y,3,0,1
1460,22,88000,MORTGAGE,6,PERSONAL,B,16000,11.71,0,0.18,N,3,0,0
8810,26,90000,RENT,0,MEDICAL,A,12000,9.38,0,0.13,N,3,0,0
3972,22,88200,MORTGAGE,6,DEBTCONSOLIDATION,A,21000,6.17,0,0.24,N,2,0,0
6438,22,88512,MORTGAGE,6,PERSONAL,A,3000,5.79,0,0.03,N,3,0,1
6871,26,88900,OWN,2,MEDICAL,B,5000,11.83,0,0.06,N,4,0,0
6839,24,89000,MORTGAGE,8,MEDICAL,C,25000,13.11,0,0.28,Y,3,0,0
2611,22,89000,MORTGAGE,6,PERSONAL,C,16000,13.22,0,0.18,N,4,1,0
6472,23,90000,MORTGAGE,5,PERSONAL,A,15000,6.03,0,0.17,N,3,0,0
7369,24,125375,RENT,0,MEDICAL,C,12000,14.27,1,0.08,N,2,1,0
1670,23,25960,RENT,1,VENTURE,B,12250,10.37,1,0.47,N,4,1,0
869,23,90000,MORTGAGE,7,VENTURE,A,4900,6.99,0,0.05,N,2,1,1
342,23,90000,MORTGAGE,1,EDUCATION,A,13675,7.49,0,0.15,N,4,0,0
3409,26,36120,RENT,3,MEDICAL,C,2800,13.35,1,0.08,N,4,0,1
7879,24,86400,RENT,5,DEBTCONSOLIDATION,C,2800,14.65,0,0.03,Y,4,0,0
7095,22,90000,MORTGAGE,6,EDUCATION,B,20000,11.26,0,0.22,N,2,0,0
9355,24,90000,MORTGAGE,8,EDUCATION,C,3000,13.79,0,0.03,Y,4,0,0
7991,24,90996,MORTGAGE,8,HOMEIMPROVEMENT,E,20000,16.32,0,0.22,Y,4,0,0
1443,22,91200,OWN,6,PERSONAL,B,5000,11.48,0,0.05,N,2,0,0
6196,26,14400,RENT,2,VENTURE,C,2500,13.47,1,0.17,Y,4,1,1
8995,25,94000,MORTGAGE,9,HOMEIMPROVEMENT,B,30000,10.65,0,0.32,N,4,1,0
7922,23,94940,MORTGAGE,4,VENTURE,A,2000,5.42,0,0.02,N,3,0,0
4869,23,95000,MORTGAGE,0,VENTURE,B,10000,9.91,0,0.11,N,3,0,1
7464,23,95000,MORTGAGE,7,EDUCATION,A,35000,7.9,0,0.37,N,4,0,0
4645,23,44000,RENT,1,EDUCATION,E,13000,18.39,1,0.3,Y,3,1,0
723,26,95000,MORTGAGE,1,VENTURE,B,15000,10.37,0,0.16,N,4,0,0
3444,25,95000,MORTGAGE,0,VENTURE,A,4000,8,0,0.04,N,4,0,0
1837,22,96000,MORTGAGE,3,VENTURE,B,5000,10.99,0,0.05,N,4,0,0
4722,21,96000,OWN,1,EDUCATION,B,7000,12.53,0,0.07,N,4,1,1
5528,24,50000,RENT,2,HOMEIMPROVEMENT,B,14000,9.88,0,0.28,N,2,0,1
9262,24,98000,MORTGAGE,5,HOMEIMPROVEMENT,B,10000,11.71,0,0.1,N,3,0,1
5492,22,54000,RENT,0,MEDICAL,A,14000,7.14,0,0.26,N,2,1,1
5888,21,55260,RENT,0,EDUCATION,A,14000,6.54,0,0.25,N,2,1,1
2602,25,99000,MORTGAGE,9,DEBTCONSOLIDATION,A,15000,6.17,0,0.15,N,4,0,0
637,24,99750,MORTGAGE,8,HOMEIMPROVEMENT,B,12000,9.62,0,0.12,N,3,0,0
1268,25,99996,MORTGAGE,3,VENTURE,A,8000,8,0,0.08,N,2,0,0
4687,26,66000,RENT,10,PERSONAL,A,14000,6.62,0,0.21,N,3,0,0
292,24,81000,RENT,2,DEBTCONSOLIDATION,C,14000,14.17,0,0.17,N,4,0,0
4799,23,100000,MORTGAGE,1,PERSONAL,B,9125,11.11,0,0.09,N,3,0,1
3377,22,100000,MORTGAGE,6,EDUCATION,B,10000,10.74,0,0.1,N,3,0,0
3308,25,100000,MORTGAGE,9,MEDICAL,C,15000,12.73,0,0.15,Y,4,0,0
4204,23,32000,RENT,5,MEDICAL,A,14125,7.9,1,0.44,N,2,0,0
4693,24,88000,MORTGAGE,0,EDUCATION,B,15000,10.2,1,0.17,N,4,0,0
2897,26,100000,MORTGAGE,7,DEBTCONSOLIDATION,A,7500,8.32,0,0.07,N,3,0,0
5449,23,36000,RENT,3,PERSONAL,C,14400,13.57,1,0.4,N,2,0,0
6935,26,102500,MORTGAGE,4,EDUCATION,A,11800,6.03,0,0.12,N,2,0,1
1503,23,78000,RENT,6,VENTURE,C,14400,14.27,0,0.18,Y,4,1,0
3187,22,80000,RENT,1,PERSONAL,B,14400,11.71,0,0.18,N,2,1,0
3459,25,100000,RENT,1,MEDICAL,B,14400,11.71,0,0.14,N,3,0,0
2083,26,37000,RENT,5,VENTURE,D,14500,15.33,1,0.39,N,4,1,1
5520,23,105000,MORTGAGE,4,VENTURE,B,19000,11.99,0,0.18,N,3,0,1
1116,26,35000,RENT,7,MEDICAL,B,14575,10.65,1,0.42,N,3,0,0
3092,25,30000,OWN,1,PERSONAL,A,3000,9.63,0,0.1,N,2,0,0
8583,25,108000,MORTGAGE,9,PERSONAL,B,4800,12.42,0,0.04,N,4,1,1
2996,25,108000,MORTGAGE,8,VENTURE,A,15000,6.62,0,0.14,N,2,0,0
973,24,35000,RENT,4,EDUCATION,B,2000,10.59,0,0.06,N,3,1,1
8890,26,108000,MORTGAGE,7,HOMEIMPROVEMENT,C,10000,13.57,0,0.09,N,4,0,0
2949,23,38400,RENT,1,VENTURE,A,2000,7.66,0,0.05,N,3,0,0
9629,23,109000,MORTGAGE,5,EDUCATION,A,7500,8.9,0,0.07,N,4,0,1
5923,22,110000,MORTGAGE,0,DEBTCONSOLIDATION,A,28000,7.49,0,0.25,N,4,1,0
312,24,45000,RENT,1,PERSONAL,C,2000,13.99,0,0.04,Y,2,0,0
9541,23,40000,RENT,7,PERSONAL,A,15000,7.49,1,0.38,N,3,0,0
7390,22,41000,RENT,3,DEBTCONSOLIDATION,C,15000,12.73,1,0.37,N,3,0,0
349,25,113135,MORTGAGE,9,PERSONAL,B,25000,10.59,0,0.22,N,2,1,0
7720,25,114996,MORTGAGE,7,DEBTCONSOLIDATION,C,5000,13.49,0,0.04,N,3,1,0
9559,24,115500,MORTGAGE,8,HOMEIMPROVEMENT,A,10000,7.75,0,0.09,N,4,0,1
708,25,115731,MORTGAGE,3,HOMEIMPROVEMENT,A,7200,7.14,0,0.06,N,4,0,0
6957,25,117014,MORTGAGE,5,VENTURE,A,8400,7.29,0,0.07,N,4,0,0
214,22,107000,MORTGAGE,6,HOMEIMPROVEMENT,E,24000,19.69,1,0.22,Y,2,0,0
8413,26,120000,MORTGAGE,10,HOMEIMPROVEMENT,C,5600,13.49,0,0.05,Y,3,0,1
74,22,44000,RENT,5,HOMEIMPROVEMENT,B,15000,11.11,1,0.34,N,3,0,0
4094,23,120000,MORTGAGE,5,MEDICAL,B,6000,9.99,0,0.05,N,3,0,0
5861,23,120000,MORTGAGE,7,EDUCATION,C,8000,13.61,0,0.07,Y,2,0,0
9080,22,24744,OWN,5,VENTURE,B,5000,11.89,0,0.2,N,2,0,0
9199,21,15600,RENT,2,EDUCATION,B,1500,11.86,0,0.1,N,2,0,1
276,26,112000,MORTGAGE,5,DEBTCONSOLIDATION,B,20000,12.53,1,0.18,N,4,0,0
4322,25,125000,OWN,9,PERSONAL,A,15000,7.9,0,0.12,N,3,0,1
9826,26,113000,MORTGAGE,10,PERSONAL,A,12000,7.29,1,0.11,N,2,0,1
4475,22,60000,RENT,0,MEDICAL,B,15000,11.71,0,0.25,N,4,1,0
2363,22,128474,MORTGAGE,6,DEBTCONSOLIDATION,A,30000,7.29,0,0.23,N,2,1,1
7039,24,130000,MORTGAGE,3,DEBTCONSOLIDATION,B,5000,12.42,0,0.04,N,2,1,0
4460,23,130000,OWN,7,VENTURE,C,15000,13.22,0,0.12,Y,3,0,0
2012,26,130000,MORTGAGE,9,EDUCATION,A,7000,8,0,0.05,N,2,0,0
1519,24,65000,RENT,5,PERSONAL,A,15000,6.17,0,0.23,N,2,0,0
4167,24,132132,MORTGAGE,8,MEDICAL,A,28000,8.49,0,0.21,N,3,0,0
6039,25,135000,MORTGAGE,9,HOMEIMPROVEMENT,D,10000,15.62,0,0.07,Y,3,1,0
9281,26,135000,MORTGAGE,10,DEBTCONSOLIDATION,C,24000,12.99,0,0.18,N,2,0,0
3251,24,135000,MORTGAGE,3,VENTURE,B,21000,10.38,0,0.16,N,4,0,1
910,23,137000,MORTGAGE,0,EDUCATION,A,11400,9.63,0,0.08,N,2,0,0
3758,22,70204,RENT,6,PERSONAL,D,15000,15.7,0,0.21,Y,3,1,0
7830,23,75000,RENT,6,EDUCATION,A,15000,6.54,0,0.2,N,3,0,0
5835,21,85000,RENT,2,VENTURE,B,15000,10.95,0,0.18,N,3,0,0
7402,24,150000,MORTGAGE,9,MEDICAL,A,24000,7.49,0,0.16,N,3,1,1
1280,26,87000,RENT,6,MEDICAL,A,15000,5.99,0,0.17,N,2,0,0
5942,22,87800,RENT,3,MEDICAL,B,15000,11.36,0,0.17,N,4,0,1
3331,24,150000,MORTGAGE,5,DEBTCONSOLIDATION,B,20000,10.51,0,0.13,N,4,0,1
4036,26,138000,MORTGAGE,4,EDUCATION,F,18000,16.4,1,0.13,N,3,0,0
1862,24,156000,MORTGAGE,8,EDUCATION,B,15000,10.25,0,0.1,N,3,1,0
3255,25,158000,MORTGAGE,10,VENTURE,C,20000,14.26,0,0.13,Y,2,0,0
5733,23,168000,MORTGAGE,6,PERSONAL,B,15750,10.75,0,0.09,N,2,1,0
9123,26,175000,MORTGAGE,2,DEBTCONSOLIDATION,A,3000,8.94,0,0.02,N,3,0,0
8289,25,177160,MORTGAGE,2,VENTURE,B,24000,11.11,0,0.14,N,4,0,0
5941,24,142800,MORTGAGE,8,MEDICAL,D,25000,14.84,1,0.15,Y,2,0,0
2892,24,100000,RENT,5,HOMEIMPROVEMENT,B,16000,11.12,0,0.16,N,3,1,1
7226,23,195000,MORTGAGE,0,EDUCATION,B,20000,9.63,0,0.1,N,3,1,1
2042,25,210000,MORTGAGE,9,HOMEIMPROVEMENT,B,8000,9.91,0,0.04,N,4,0,0
1477,26,12000,OWN,6,EDUCATION,B,2500,9.99,1,0.21,N,3,0,0
4430,25,370000,MORTGAGE,5,DEBTCONSOLIDATION,C,15000,12.99,0,0.04,Y,2,0,0
7489,22,70000,RENT,4,EDUCATION,A,7550,7.51,0,0.11,N,3,0,0
3876,25,60000,RENT,3,VENTURE,C,3000,13.47,1,0.05,Y,3,0,0
9401,22,70000,MORTGAGE,5,DEBTCONSOLIDATION,B,21000,8.88,0,0.3,N,3,1,0
7788,24,36000,RENT,5,VENTURE,D,6000,14.96,0,0.17,N,3,0,0
271,23,30000,RENT,0,DEBTCONSOLIDATION,B,5000,11.86,0,0.17,N,4,0,0
3806,25,155004,MORTGAGE,9,DEBTCONSOLIDATION,A,10500,7.49,0,0.07,N,3,0,0
8896,25,18000,RENT,3,EDUCATION,C,8500,10.28,1,0.47,Y,4,1,0
7636,24,65000,MORTGAGE,3,EDUCATION,B,12000,9.91,0,0.18,N,4,1,0
9286,26,42000,RENT,3,DEBTCONSOLIDATION,A,4500,7.66,0,0.11,N,2,0,0
4050,22,50004,MORTGAGE,0,EDUCATION,E,11000,15.68,0,0.22,Y,3,0,0
8671,25,49000,RENT,2,EDUCATION,A,7750,9.63,0,0.16,N,2,1,0
7481,24,60000,MORTGAGE,5,VENTURE,A,14000,7.51,0,0.23,N,4,0,0
3326,23,40000,MORTGAGE,2,DEBTCONSOLIDATION,B,2000,10.99,0,0.05,N,4,1,0
2652,24,60000,RENT,4,PERSONAL,B,12500,11.49,0,0.21,N,3,0,1
2577,26,86000,RENT,4,VENTURE,C,10000,13.49,0,0.12,N,4,0,1
5951,25,19200,RENT,3,MEDICAL,B,5000,10.99,1,0.26,N,2,1,0
5254,23,140000,RENT,7,VENTURE,A,9000,7.14,0,0.06,N,2,0,0
3094,25,100000,MORTGAGE,9,EDUCATION,A,12000,8.94,0,0.12,N,4,0,0
7318,22,24449,OWN,2,VENTURE,B,1800,11.89,0,0.07,N,4,0,0
3535,26,40000,RENT,2,MEDICAL,A,12000,7.51,0,0.3,N,2,0,0
2371,25,90000,MORTGAGE,9,VENTURE,A,20000,6.54,0,0.22,N,3,0,0
9059,24,120000,MORTGAGE,1,EDUCATION,D,25000,13.99,0,0.21,N,4,0,0
5810,24,24000,RENT,0,VENTURE,D,7000,15.62,1,0.29,N,4,0,0
3544,25,51000,MORTGAGE,6,EDUCATION,E,16750,16.4,0,0.33,N,3,0,0
1654,22,63000,RENT,2,VENTURE,A,5000,7.74,0,0.08,N,4,0,0
3608,24,50000,MORTGAGE,2,EDUCATION,A,12500,9.32,0,0.25,N,3,0,0
7902,24,24000,RENT,2,EDUCATION,D,3500,15.65,1,0.15,Y,4,1,0
9280,23,64000,MORTGAGE,0,DEBTCONSOLIDATION,D,12000,15.62,1,0.19,Y,4,1,0
4309,22,12000,RENT,0,EDUCATION,C,1000,13.57,1,0.08,N,2,0,0
216,23,39000,RENT,1,PERSONAL,B,12000,10.99,1,0.31,N,2,0,0
1815,25,53000,RENT,6,DEBTCONSOLIDATION,C,3000,13.99,0,0.06,N,4,0,0
5740,22,37008,RENT,2,PERSONAL,B,3600,12.42,0,0.1,N,3,1,0
3647,21,45432,MORTGAGE,4,VENTURE,B,5000,9.88,0,0.11,N,4,0,1
4673,21,45000,RENT,3,PERSONAL,B,10000,10.25,0,0.22,N,2,0,0
3822,24,54996,RENT,2,HOMEIMPROVEMENT,B,23600,11.89,1,0.43,N,4,0,0
6425,24,36000,RENT,3,EDUCATION,D,5300,15.28,0,0.15,N,3,0,0
4381,22,77000,MORTGAGE,6,VENTURE,A,12400,7.51,0,0.16,N,2,0,0
894,21,70553,MORTGAGE,2,MEDICAL,D,10000,15.28,1,0.12,N,3,0,0
4176,21,37423,RENT,5,MEDICAL,A,2800,7.88,0,0.07,N,4,1,0
127,23,50000,RENT,5,PERSONAL,A,10000,8.94,0,0.2,N,2,0,0
957,23,67150,MORTGAGE,5,MEDICAL,D,10000,16.32,1,0.13,N,2,0,1
8121,23,31200,RENT,0,PERSONAL,C,3200,13.49,0,0.1,Y,2,1,0
8282,23,83600,RENT,7,PERSONAL,A,15000,8.49,1,0.18,N,3,0,0
4348,24,63410,MORTGAGE,3,MEDICAL,E,20000,17.51,1,0.27,N,4,1,0
5141,26,33800,RENT,4,PERSONAL,C,13000,13.57,1,0.38,Y,2,0,0
7219,21,65004,MORTGAGE,5,EDUCATION,B,5000,9.99,0,0.08,N,4,0,0
728,22,64000,RENT,5,DEBTCONSOLIDATION,A,6600,8.9,0,0.1,N,4,1,1
243,26,48000,RENT,1,EDUCATION,E,15000,18.64,1,0.31,N,3,0,0
6205,25,96000,RENT,3,DEBTCONSOLIDATION,B,12000,11.99,0,0.13,N,3,0,0
8643,21,15600,RENT,0,MEDICAL,A,2800,7.4,1,0.18,N,4,0,0
3677,28,96000,RENT,3,HOMEIMPROVEMENT,A,28000,7.9,0,0.29,N,10,0,0
1091,32,240000,MORTGAGE,5,MEDICAL,A,8400,7.51,0,0.04,N,5,0,0
5144,31,219996,MORTGAGE,3,MEDICAL,A,20000,6.54,0,0.09,N,5,1,0
9102,28,60000,RENT,3,MEDICAL,C,25000,13.49,1,0.42,N,10,0,0
8604,27,72000,RENT,9,EDUCATION,B,25000,10.75,1,0.35,N,8,0,1
227,31,85000,RENT,5,VENTURE,B,25000,10.75,0,0.29,N,7,1,0
5623,33,180000,MORTGAGE,17,DEBTCONSOLIDATION,A,13000,7.29,0,0.07,N,7,1,1
2901,28,168000,RENT,0,DEBTCONSOLIDATION,F,15000,17.26,1,0.09,Y,9,1,0
6291,28,175000,RENT,7,HOMEIMPROVEMENT,A,6000,7.9,0,0.03,N,10,0,1
2838,28,140000,RENT,11,HOMEIMPROVEMENT,C,25000,13.11,0,0.18,Y,7,1,0
943,30,165000,MORTGAGE,3,EDUCATION,D,5000,15.62,0,0.03,Y,10,1,0
3043,30,16000,MORTGAGE,2,MEDICAL,A,7275,5.42,1,0.45,N,10,1,0
1203,29,160800,RENT,3,VENTURE,B,4800,10.99,0,0.03,N,5,0,0
4498,35,80000,RENT,1,PERSONAL,C,24000,13.92,0,0.3,Y,5,1,1
9371,29,90000,RENT,0,VENTURE,B,23475,11.58,0,0.26,N,6,0,0
7388,30,72000,RENT,2,EDUCATION,B,23000,12.18,1,0.32,N,6,0,1
559,27,52000,RENT,0,VENTURE,C,22950,13.49,1,0.44,N,9,0,0
4030,31,66000,RENT,3,PERSONAL,B,21000,10.37,1,0.32,N,10,0,1
8153,28,57000,RENT,12,DEBTCONSOLIDATION,B,20000,11.71,1,0.35,N,6,0,0
7979,29,59000,RENT,4,VENTURE,G,20000,20.17,1,0.34,Y,5,0,0
4124,27,72000,RENT,6,VENTURE,A,20000,8.9,0,0.28,N,5,0,0
9502,28,56100,RENT,9,MEDICAL,D,20000,14.59,1,0.3,Y,5,1,1
9369,35,69000,RENT,8,VENTURE,C,20000,13.49,1,0.29,Y,5,1,0
8680,33,85000,RENT,16,DEBTCONSOLIDATION,C,20000,15.27,0,0.24,N,10,0,1
3371,32,81400,RENT,2,VENTURE,D,20000,14.84,1,0.25,Y,6,0,0
8751,34,97356,RENT,12,PERSONAL,C,20000,13.22,0,0.21,Y,7,1,0
3245,27,22896,OWN,1,MEDICAL,B,5000,11.48,0,0.22,N,8,0,0
2687,31,23000,OWN,13,PERSONAL,A,4500,5.79,0,0.2,N,9,1,0
6012,28,44000,RENT,3,MEDICAL,E,19000,16.82,1,0.43,N,8,1,0
3400,28,24000,MORTGAGE,2,EDUCATION,A,1500,7.14,0,0.06,N,10,1,0
5943,32,115000,RENT,16,HOMEIMPROVEMENT,B,17000,11.12,0,0.15,N,6,1,0
3072,30,35000,RENT,5,PERSONAL,B,1000,10.36,0,0.03,N,6,1,0
4266,27,10000,RENT,2,VENTURE,D,1200,14.11,1,0.12,Y,6,1,0
7676,28,29120,RENT,0,VENTURE,D,1500,15.7,1,0.05,Y,6,0,0
1372,33,80000,RENT,5,PERSONAL,B,1800,10.75,0,0.02,N,7,0,0
6653,29,120000,RENT,3,EDUCATION,A,15000,6.91,0,0.13,N,7,0,1
4947,27,122000,RENT,3,PERSONAL,C,15000,12.73,0,0.12,N,5,0,0
4195,34,30000,MORTGAGE,4,DEBTCONSOLIDATION,A,4300,7.9,0,0.14,N,5,1,0
1913,35,30000,MORTGAGE,2,EDUCATION,A,3300,5.99,0,0.11,N,6,0,0
1850,35,59000,RENT,11,DEBTCONSOLIDATION,C,2000,13.48,0,0.03,Y,7,1,0
316,27,70000,RENT,8,HOMEIMPROVEMENT,B,2200,10.74,0,0.03,N,8,0,0
7985,27,37200,RENT,0,MEDICAL,C,13500,10.78,1,0.36,N,6,0,0
953,29,31000,MORTGAGE,1,DEBTCONSOLIDATION,A,9950,7.9,0,0.32,N,6,0,1
4578,28,31000,MORTGAGE,0,VENTURE,B,11300,9.91,0,0.36,N,5,0,0
5496,31,36000,RENT,5,HOMEIMPROVEMENT,E,13000,20.3,1,0.36,Y,5,0,0
5540,27,31200,OWN,0,MEDICAL,F,14000,18.09,1,0.45,Y,6,1,0
1063,30,20000,RENT,1,PERSONAL,B,3000,11.49,1,0.15,N,8,0,0
5136,33,33000,MORTGAGE,3,EDUCATION,B,4000,12.69,0,0.12,N,8,1,0
5112,34,54000,RENT,5,MEDICAL,D,3000,15.37,1,0.06,Y,6,1,0
6209,33,62000,RENT,1,PERSONAL,A,3000,6.99,0,0.05,N,9,1,1
4249,29,56400,RENT,1,DEBTCONSOLIDATION,A,3000,7.9,1,0.05,N,6,1,0
2208,32,35000,MORTGAGE,4,EDUCATION,A,10000,6.03,0,0.29,N,6,1,0
5582,31,35000,MORTGAGE,15,PERSONAL,A,8000,5.42,0,0.23,N,9,0,0
2549,28,35000,RENT,12,EDUCATION,D,3200,15.21,0,0.09,N,6,0,0
3904,34,53500,RENT,0,EDUCATION,A,3200,6.76,0,0.06,N,5,0,0
7910,33,95000,RENT,6,HOMEIMPROVEMENT,A,3200,7.51,0,0.03,N,5,1,0
4116,30,26400,RENT,14,DEBTCONSOLIDATION,C,3250,14.35,1,0.12,N,9,1,0
2564,31,35000,RENT,4,VENTURE,C,3425,13.43,0,0.1,Y,7,1,0
4121,32,30000,RENT,0,PERSONAL,B,3500,11.71,1,0.12,N,10,1,0
6518,31,36000,MORTGAGE,5,VENTURE,A,6000,6.99,0,0.17,N,9,1,1
5878,31,28000,RENT,1,HOMEIMPROVEMENT,D,3600,16.49,1,0.13,N,7,0,0
1489,34,30000,RENT,5,HOMEIMPROVEMENT,A,3600,6.92,1,0.12,N,6,0,0
7026,27,36000,OWN,4,MEDICAL,C,1050,14.72,0,0.03,Y,5,1,0
7313,30,36000,MORTGAGE,2,VENTURE,A,3000,6.39,0,0.08,N,10,1,1
9145,28,39500,RENT,4,MEDICAL,B,3600,11.99,0,0.09,N,9,1,1
4411,33,42000,RENT,4,MEDICAL,C,3600,12.68,0,0.09,Y,5,0,0
5344,30,36000,MORTGAGE,4,PERSONAL,C,11500,13.57,0,0.32,N,8,1,0
7244,28,45996,RENT,0,MEDICAL,D,11000,14.74,1,0.24,Y,7,0,1
1957,28,36000,MORTGAGE,4,VENTURE,B,2400,10.71,0,0.07,N,7,1,0
6040,28,75000,RENT,5,PERSONAL,A,11000,7.51,0,0.15,N,9,1,0
6746,29,32000,RENT,6,DEBTCONSOLIDATION,C,10800,13.57,1,0.34,N,6,1,0
1227,27,45000,RENT,12,DEBTCONSOLIDATION,C,10400,14.65,0,0.23,N,9,0,0
6745,33,53000,RENT,4,DEBTCONSOLIDATION,B,3600,9.25,0,0.07,N,5,0,0
7564,31,62050,RENT,0,MEDICAL,D,3600,15.95,1,0.05,N,9,0,0
1920,31,38000,OWN,5,VENTURE,B,14000,9.91,0,0.37,N,5,0,0
7964,31,38000,OWN,15,VENTURE,B,10400,11.49,0,0.27,N,10,0,0
9009,30,16500,RENT,0,VENTURE,C,4000,14.22,1,0.24,Y,7,0,0
7148,27,39000,RENT,1,PERSONAL,B,4000,10.74,0,0.1,N,9,0,0
3413,27,65000,RENT,2,HOMEIMPROVEMENT,A,4000,5.99,0,0.06,N,5,0,0
735,29,20064,RENT,3,MEDICAL,C,4400,13.92,0,0.22,Y,7,0,1
5086,33,37440,RENT,5,PERSONAL,B,4400,11.71,0,0.12,N,10,0,1
9257,29,12000,RENT,1,EDUCATION,D,4500,15.05,1,0.38,N,9,1,0
5444,29,28800,RENT,5,PERSONAL,A,4500,7.88,0,0.16,N,5,0,0
2281,35,30555,RENT,4,MEDICAL,C,4500,13.22,0,0.15,N,10,1,1
3208,29,49362,RENT,3,HOMEIMPROVEMENT,C,4500,12.61,1,0.09,N,6,1,0
2014,29,91500,RENT,2,MEDICAL,B,4500,10.65,0,0.05,N,5,0,0
26,29,40000,MORTGAGE,13,PERSONAL,A,6400,7.51,0,0.16,N,6,1,0
6569,34,40000,OWN,18,MEDICAL,B,8000,11.36,0,0.2,N,10,0,0
9769,27,40000,OWN,3,PERSONAL,A,5000,8.59,0,0.13,N,7,1,0
2070,32,76500,RENT,12,MEDICAL,D,10000,13.24,1,0.11,Y,9,0,0
5185,31,110000,RENT,4,HOMEIMPROVEMENT,D,10000,15.99,0,0.09,Y,9,0,0
4470,31,28800,RENT,1,VENTURE,B,5000,9.25,0,0.17,N,7,0,1
8615,27,33000,RENT,4,EDUCATION,C,5000,14.22,0,0.15,Y,10,0,0
711,27,33600,RENT,8,MEDICAL,C,5000,12.87,0,0.15,Y,6,1,1
7194,33,35000,RENT,0,PERSONAL,A,5000,8.9,0,0.14,N,5,1,1
3578,28,66000,RENT,11,DEBTCONSOLIDATION,C,9000,13.99,0,0.14,N,7,0,0
7110,34,33000,RENT,3,MEDICAL,A,8875,7.66,0,0.27,N,7,0,0
9347,28,45000,MORTGAGE,12,HOMEIMPROVEMENT,A,8000,7.49,0,0.18,N,8,0,0
4635,34,45000,OWN,0,VENTURE,A,7000,5.42,0,0.16,N,5,1,0
3617,30,40556,RENT,12,EDUCATION,C,8500,12.87,0,0.21,Y,7,0,0
8895,33,45000,RENT,2,MEDICAL,B,8500,10.62,0,0.19,N,6,0,0
9924,27,45000,MORTGAGE,12,DEBTCONSOLIDATION,B,5000,9.25,0,0.11,N,10,0,0
7600,28,55000,RENT,3,MEDICAL,C,5000,12.53,0,0.09,Y,10,0,0
8506,30,54000,RENT,2,VENTURE,E,5000,15.13,1,0.09,N,9,1,0
7962,28,72467,RENT,2,MEDICAL,B,5000,8.88,0,0.07,N,7,0,0
5895,30,45600,MORTGAGE,5,HOMEIMPROVEMENT,A,5000,7.29,0,0.11,N,8,0,0
3562,30,144000,RENT,12,EDUCATION,E,5000,16.32,0,0.03,Y,7,0,0
4040,30,46000,OWN,14,PERSONAL,C,6000,12.68,0,0.13,N,6,1,0
5929,27,48000,RENT,8,MEDICAL,C,5250,15.27,0,0.11,Y,6,0,0
9362,28,47000,MORTGAGE,5,HOMEIMPROVEMENT,B,9000,12.42,0,0.19,N,8,0,1
3474,30,42312,RENT,1,EDUCATION,A,5500,8.59,0,0.13,N,6,1,0
3724,27,30000,RENT,0,MEDICAL,C,5600,13.49,0,0.19,N,10,1,0
2877,32,43000,RENT,16,DEBTCONSOLIDATION,A,5600,7.51,0,0.13,N,7,1,0
9006,29,69600,RENT,13,HOMEIMPROVEMENT,B,5600,11.99,0,0.08,N,6,0,0
8547,27,48000,MORTGAGE,11,DEBTCONSOLIDATION,A,5650,5.42,0,0.12,N,8,0,0
5956,28,48000,MORTGAGE,4,PERSONAL,B,3000,11.99,0,0.06,N,10,1,0
5355,31,48000,OWN,0,HOMEIMPROVEMENT,B,1600,9.99,0,0.03,N,8,0,0
6781,30,42000,MORTGAGE,14,MEDICAL,A,4500,7.49,1,0.11,N,7,1,0
2262,27,20000,RENT,1,VENTURE,C,6000,13.11,0,0.3,Y,10,0,1
8225,29,48000,MORTGAGE,3,VENTURE,A,3250,6.76,0,0.07,N,7,0,0
5476,27,29000,RENT,2,VENTURE,C,6000,15.27,0,0.21,Y,6,0,0
5422,29,33864,RENT,2,VENTURE,D,6000,14.91,1,0.18,Y,6,1,0
7528,27,35000,RENT,3,PERSONAL,B,6000,11.11,0,0.17,N,6,0,0
7647,29,36000,RENT,4,EDUCATION,A,6000,5.99,0,0.17,N,6,0,0
9709,28,43000,RENT,5,MEDICAL,B,6000,10.39,0,0.14,N,5,0,1
5512,29,57600,RENT,1,MEDICAL,B,6000,9.91,0,0.1,N,10,0,0
5602,30,50000,MORTGAGE,1,PERSONAL,B,16000,10.38,0,0.32,N,7,0,1
5586,27,60000,RENT,6,PERSONAL,A,6000,8.94,0,0.1,N,9,0,0
8479,28,50000,MORTGAGE,3,DEBTCONSOLIDATION,A,5000,7.74,0,0.1,N,6,0,1
722,31,65000,RENT,9,VENTURE,A,6000,6.99,0,0.09,N,10,0,0
1078,27,65000,RENT,0,MEDICAL,B,6000,11.14,0,0.09,N,9,1,1
9885,27,50000,OWN,3,MEDICAL,C,9000,12.53,0,0.18,N,8,0,1
1853,35,50000,MORTGAGE,0,EDUCATION,C,5600,12.53,0,0.11,Y,7,0,1
9562,30,155000,RENT,9,DEBTCONSOLIDATION,A,6000,7.14,0,0.04,N,10,0,0
741,35,165996,RENT,1,DEBTCONSOLIDATION,A,6000,5.42,0,0.04,N,10,0,0
7118,28,51000,MORTGAGE,12,VENTURE,A,8000,7.51,0,0.16,N,5,0,0
7743,28,81000,RENT,13,VENTURE,A,6225,7.9,0,0.08,N,7,0,0
2992,27,51267,MORTGAGE,8,EDUCATION,A,4000,7.68,0,0.08,N,10,0,1
4550,30,65000,RENT,14,DEBTCONSOLIDATION,C,7000,13.49,0,0.11,N,8,1,0
5179,30,52000,MORTGAGE,4,PERSONAL,B,14675,9.63,0,0.28,N,8,0,0
6424,31,123000,RENT,2,VENTURE,A,7000,8.49,0,0.06,N,10,1,0
5194,32,49000,RENT,16,MEDICAL,B,6300,9.91,0,0.13,N,8,1,0
7866,27,29000,RENT,0,EDUCATION,D,6500,14.11,1,0.22,N,8,1,0
5957,29,50000,RENT,1,MEDICAL,C,6500,15.96,0,0.13,N,7,1,1
8847,27,68000,RENT,0,DEBTCONSOLIDATION,A,6500,7.51,0,0.1,N,7,0,1
3774,35,53000,OWN,1,PERSONAL,C,10000,15.27,0,0.19,Y,6,0,1
427,30,20000,RENT,4,PERSONAL,C,6800,12.84,1,0.34,N,6,1,1
4481,27,47000,MORTGAGE,2,DEBTCONSOLIDATION,D,25000,14.96,1,0.53,Y,9,1,0
4049,29,54000,MORTGAGE,1,VENTURE,D,10000,16.89,0,0.19,N,5,0,1
9335,30,54000,MORTGAGE,8,PERSONAL,A,5000,8,0,0.09,N,8,0,0
9180,33,55000,MORTGAGE,7,HOMEIMPROVEMENT,B,3500,10.65,0,0.06,N,5,1,1
6247,28,42000,RENT,0,VENTURE,B,7000,11.11,0,0.17,N,6,0,0
1944,34,55000,MORTGAGE,4,EDUCATION,C,7000,13.49,0,0.13,Y,10,1,0
254,32,49000,MORTGAGE,3,MEDICAL,B,11500,10.99,1,0.23,N,9,1,1
6368,31,49000,RENT,8,DEBTCONSOLIDATION,B,7000,12.69,0,0.14,N,6,0,0
6672,29,85000,RENT,3,EDUCATION,A,7000,6.92,0,0.08,N,8,1,0
4856,33,55000,OWN,4,HOMEIMPROVEMENT,A,12000,7.51,0,0.22,N,9,1,0
7135,35,32000,RENT,3,MEDICAL,C,7200,12.61,0,0.23,N,5,1,0
4511,28,55200,MORTGAGE,12,VENTURE,C,3000,11.72,0,0.05,N,10,1,0
3709,33,83000,RENT,5,EDUCATION,A,7200,8,0,0.09,N,8,0,0
4724,29,56000,OWN,5,EDUCATION,A,9200,6.03,0,0.16,N,9,1,0
4595,34,56400,MORTGAGE,2,DEBTCONSOLIDATION,A,7000,7.9,0,0.12,N,10,0,0
4128,28,31000,RENT,1,HOMEIMPROVEMENT,D,7500,15.31,1,0.24,Y,5,0,0
1819,33,51000,MORTGAGE,2,EDUCATION,A,1200,9.63,1,0.02,N,7,0,0
7216,27,59004,OWN,8,MEDICAL,B,24250,11.49,0,0.41,N,9,0,0
1152,28,33000,RENT,12,DEBTCONSOLIDATION,C,8000,14.65,1,0.24,Y,9,0,1
1414,31,42000,RENT,3,VENTURE,B,8000,12.42,0,0.19,N,7,0,0
3139,27,60000,MORTGAGE,8,EDUCATION,A,2000,7.29,0,0.03,N,7,0,0
6341,27,60000,MORTGAGE,11,MEDICAL,C,6000,13.35,0,0.1,N,8,0,0
9778,28,60000,MORTGAGE,13,DEBTCONSOLIDATION,A,12000,5.79,0,0.2,N,8,1,0
4085,29,54000,MORTGAGE,1,PERSONAL,G,25000,20.16,1,0.46,Y,8,0,0
764,33,60000,MORTGAGE,1,VENTURE,D,17000,16.07,0,0.28,Y,5,0,1
3970,27,19200,RENT,2,PERSONAL,B,5000,12.53,1,0.26,N,7,0,0
3824,30,24000,RENT,0,DEBTCONSOLIDATION,B,5000,10.59,0,0.21,N,6,1,0
8233,28,60589,MORTGAGE,1,HOMEIMPROVEMENT,B,2650,9.88,0,0.04,N,10,1,0
5071,30,70000,RENT,2,MEDICAL,C,8000,13.11,0,0.11,Y,6,1,0
5649,31,78000,RENT,2,VENTURE,A,8000,7.9,0,0.1,N,7,0,0
7284,32,62000,MORTGAGE,6,PERSONAL,B,6000,11.36,0,0.1,N,6,1,0
5085,29,99000,RENT,3,HOMEIMPROVEMENT,C,8000,12.99,0,0.08,Y,8,0,0
2627,33,56400,MORTGAGE,3,EDUCATION,B,8500,12.42,1,0.15,N,6,1,0
6797,34,63000,MORTGAGE,9,DEBTCONSOLIDATION,B,18000,11.49,0,0.29,N,9,1,1
2918,27,64000,OWN,11,VENTURE,A,5000,5.79,0,0.08,N,5,0,1
2492,29,32000,RENT,5,PERSONAL,D,9000,16.77,0,0.28,N,5,1,0
693,31,64500,MORTGAGE,5,EDUCATION,A,7000,7.88,0,0.11,N,5,0,0
1291,27,36400,RENT,5,MEDICAL,A,9000,7.49,0,0.25,N,8,1,0
1739,31,65000,MORTGAGE,4,DEBTCONSOLIDATION,B,20000,11.71,0,0.31,N,9,0,0
5219,31,45000,RENT,2,EDUCATION,C,9000,12.84,0,0.2,N,5,0,0
4937,27,65000,OWN,6,EDUCATION,A,15000,6.99,0,0.23,N,5,1,0
7264,32,65000,OWN,12,VENTURE,B,10000,11.99,0,0.15,N,5,1,0
4794,28,65000,MORTGAGE,3,DEBTCONSOLIDATION,A,5000,6.92,0,0.08,N,5,1,1
8217,32,12000,RENT,1,MEDICAL,A,9325,8.38,1,0.78,N,6,1,0
7443,27,31200,RENT,2,MEDICAL,A,9400,6.91,0,0.3,N,5,0,1
8370,27,65000,MORTGAGE,0,DEBTCONSOLIDATION,A,10250,8.59,0,0.16,N,5,0,0
8674,33,65004,MORTGAGE,14,VENTURE,B,8000,11.49,0,0.12,N,9,0,0
6816,33,44000,RENT,2,MEDICAL,C,9600,13.16,0,0.22,Y,5,0,0
453,29,58327,RENT,4,VENTURE,B,9600,11.48,0,0.16,N,5,0,0
8951,27,60000,RENT,7,VENTURE,B,9600,10.65,0,0.16,N,7,0,0
9392,34,86000,RENT,4,VENTURE,A,9950,7.88,0,0.12,N,7,0,0
3842,29,67222,MORTGAGE,4,DEBTCONSOLIDATION,B,10000,11.14,0,0.15,N,9,0,0
746,31,68000,OWN,1,VENTURE,A,8000,7.9,0,0.12,N,5,0,0
2465,27,68000,MORTGAGE,0,HOMEIMPROVEMENT,C,3000,14.65,0,0.04,Y,10,1,0
1573,31,70000,MORTGAGE,0,MEDICAL,A,3000,8.9,0,0.04,N,8,0,0
73,34,70000,MORTGAGE,5,VENTURE,C,4600,14.79,0,0.07,N,7,0,1
2590,27,70000,MORTGAGE,4,HOMEIMPROVEMENT,D,8000,14.46,0,0.11,N,7,0,0
3296,28,70000,MORTGAGE,12,PERSONAL,A,3000,6.39,0,0.04,N,8,0,0
4419,27,32000,RENT,3,MEDICAL,A,4200,8,0,0.13,N,10,0,0
9912,30,36000,RENT,2,EDUCATION,C,4200,14.27,0,0.12,Y,5,0,0
5056,32,70197,MORTGAGE,9,DEBTCONSOLIDATION,A,4100,7.51,0,0.06,N,6,1,0
6133,32,70400,MORTGAGE,3,PERSONAL,A,13000,7.88,0,0.18,N,9,0,1
9662,32,64500,MORTGAGE,3,EDUCATION,C,19400,13.11,1,0.3,Y,10,0,1
990,29,25000,RENT,0,PERSONAL,B,4125,11.71,0,0.17,N,6,1,1
5977,29,47800,RENT,4,DEBTCONSOLIDATION,A,10000,7.49,0,0.21,N,5,1,0
7098,27,72000,MORTGAGE,11,PERSONAL,B,7000,11.49,0,0.1,N,8,0,0
4307,35,72000,MORTGAGE,4,MEDICAL,B,15000,10.59,0,0.21,N,6,1,0
8926,27,72000,OWN,10,VENTURE,A,10000,8.94,0,0.14,N,6,0,0
8800,31,72000,MORTGAGE,15,VENTURE,D,12300,14.96,0,0.17,Y,5,0,1
2328,28,53000,RENT,2,MEDICAL,B,10000,11.89,0,0.19,N,6,1,0
645,35,56000,RENT,5,EDUCATION,B,10000,12.42,0,0.18,N,5,0,0
7616,27,57800,MORTGAGE,11,MEDICAL,D,16000,16.29,1,0.24,N,8,1,0
795,27,74000,MORTGAGE,4,EDUCATION,D,12100,16.89,0,0.16,Y,9,0,1
3123,30,74000,OWN,13,MEDICAL,B,10500,10.74,0,0.14,N,8,0,0
1318,30,60000,RENT,2,PERSONAL,A,10000,7.49,0,0.17,N,7,0,0
2385,29,75000,OWN,1,VENTURE,B,18000,12.42,0,0.24,N,9,0,0
9738,29,75000,OWN,5,VENTURE,B,6000,12.69,0,0.08,N,7,0,0
8658,29,75000,MORTGAGE,9,PERSONAL,B,8000,11.99,0,0.11,N,5,0,0
5971,27,70000,RENT,2,EDUCATION,B,10000,10.99,0,0.14,N,6,0,0
3559,31,75000,MORTGAGE,3,EDUCATION,B,12000,10.38,0,0.16,N,10,1,0
8503,30,75000,RENT,2,HOMEIMPROVEMENT,A,10000,7.29,0,0.13,N,9,0,0
2674,31,60775,RENT,4,MEDICAL,D,10000,16.49,1,0.14,Y,6,0,1
6981,34,75000,MORTGAGE,7,DEBTCONSOLIDATION,A,6500,9.38,0,0.09,N,7,0,0
5886,27,75000,MORTGAGE,11,EDUCATION,E,21000,15.2,0,0.28,N,8,0,0
107,27,75000,OWN,0,HOMEIMPROVEMENT,A,7500,8.38,0,0.1,N,6,0,1
6858,27,75288,MORTGAGE,12,MEDICAL,B,18050,10,0,0.24,N,10,0,1
1642,30,76000,MORTGAGE,5,HOMEIMPROVEMENT,A,6250,7.88,0,0.08,N,10,0,0
7944,30,76404,MORTGAGE,14,MEDICAL,A,12000,6.54,0,0.16,N,5,1,0
5892,28,48000,RENT,1,PERSONAL,C,11200,14.26,0,0.23,N,6,0,0
2142,29,79800,MORTGAGE,2,DEBTCONSOLIDATION,A,6000,7.14,0,0.08,N,8,0,0
2497,32,65000,RENT,2,HOMEIMPROVEMENT,C,11600,13.49,0,0.18,Y,8,0,0
2210,30,30000,RENT,4,DEBTCONSOLIDATION,D,12000,15.21,1,0.4,Y,6,1,0
3825,28,32000,RENT,12,DEBTCONSOLIDATION,A,12000,7.88,1,0.38,N,9,0,0
8450,29,32800,RENT,13,MEDICAL,E,12000,16.45,1,0.37,N,9,1,0
3866,33,80000,MORTGAGE,1,HOMEIMPROVEMENT,A,6000,7.88,0,0.07,N,10,0,0
1276,28,40000,RENT,12,VENTURE,B,12000,11.11,0,0.3,N,5,1,0
4963,32,82000,MORTGAGE,4,EDUCATION,D,8000,16.89,0,0.1,N,8,0,0
5288,31,82116,MORTGAGE,12,HOMEIMPROVEMENT,C,2800,12.68,0,0.03,Y,9,0,1
9528,31,60000,RENT,5,HOMEIMPROVEMENT,A,12000,7.49,0,0.2,N,10,1,1
3481,35,25000,RENT,0,VENTURE,D,3000,15.33,1,0.12,N,8,1,1
4921,28,84000,MORTGAGE,1,PERSONAL,A,8400,7.51,0,0.1,N,10,1,0
5703,27,70000,RENT,6,VENTURE,B,12000,10.99,0,0.17,N,8,1,0
5159,34,85000,MORTGAGE,6,HOMEIMPROVEMENT,B,24000,11.49,0,0.28,N,7,0,0
4138,29,85000,MORTGAGE,9,VENTURE,B,20000,10.38,0,0.24,N,9,0,0
8876,29,86000,MORTGAGE,5,PERSONAL,C,14000,14.27,0,0.16,N,9,0,0
1730,32,86000,MORTGAGE,4,MEDICAL,B,10800,12.42,0,0.13,N,7,0,0
2181,33,86000,MORTGAGE,5,VENTURE,D,15000,16.49,0,0.17,Y,9,0,1
1184,27,85000,RENT,2,PERSONAL,B,12000,9.91,0,0.14,N,7,0,0
5320,35,93000,RENT,0,EDUCATION,B,12000,9.99,0,0.13,N,5,0,0
4230,29,89004,MORTGAGE,2,EDUCATION,D,4800,14.11,0,0.05,Y,8,0,0
4777,27,130000,RENT,11,EDUCATION,C,12000,15.23,0,0.09,Y,10,0,0
2604,29,90000,MORTGAGE,13,DEBTCONSOLIDATION,B,21000,11.99,0,0.23,N,10,0,0
7898,27,27996,RENT,0,PERSONAL,B,12250,11.26,1,0.44,N,7,0,0
3823,29,90000,MORTGAGE,3,EDUCATION,A,15000,6.99,0,0.17,N,8,0,0
6107,31,90000,MORTGAGE,9,MEDICAL,A,14400,7.66,0,0.16,N,6,1,0
4298,30,75000,RENT,6,MEDICAL,C,12325,12.73,0,0.16,N,6,0,0
3374,30,90000,MORTGAGE,5,PERSONAL,A,10000,5.79,0,0.11,N,7,0,0
7546,27,90000,MORTGAGE,5,DEBTCONSOLIDATION,A,10000,7.14,0,0.11,N,5,0,0
4721,29,78000,MORTGAGE,7,HOMEIMPROVEMENT,A,18000,9.38,1,0.23,N,6,0,0
7191,35,91000,OWN,0,EDUCATION,A,10000,8.59,0,0.11,N,9,0,0
1249,30,94000,MORTGAGE,13,EDUCATION,C,10000,14.27,0,0.11,N,6,0,0
827,31,62000,RENT,2,PERSONAL,B,12800,9.62,0,0.21,N,7,0,1
4827,34,69000,RENT,0,VENTURE,D,12800,15.7,1,0.19,N,5,0,0
5354,33,95000,MORTGAGE,4,VENTURE,A,8000,5.79,0,0.08,N,10,0,1
6866,28,70000,RENT,0,MEDICAL,B,13000,12.18,0,0.19,N,7,0,0
8045,29,84000,RENT,9,DEBTCONSOLIDATION,C,13000,12.53,0,0.15,Y,7,1,0
9661,35,95142,MORTGAGE,18,PERSONAL,D,12000,14.84,0,0.13,Y,9,0,0
7736,27,95500,MORTGAGE,3,PERSONAL,E,20000,15.95,0,0.21,Y,6,0,0
8704,33,96000,MORTGAGE,5,MEDICAL,A,9000,7.49,0,0.09,N,7,0,0
8138,27,42000,RENT,0,DEBTCONSOLIDATION,B,14000,9.88,1,0.33,N,5,0,0
118,30,97000,MORTGAGE,9,PERSONAL,C,5000,13.49,0,0.05,Y,9,0,0
252,31,97000,MORTGAGE,6,DEBTCONSOLIDATION,A,12000,7.66,0,0.12,N,6,0,0
6314,27,97000,MORTGAGE,11,PERSONAL,B,3600,9.25,0,0.04,N,7,0,1
4452,29,97000,MORTGAGE,2,VENTURE,C,10000,12.23,0,0.1,Y,5,0,1
4111,29,97000,OWN,3,VENTURE,B,12000,11.83,0,0.12,N,5,0,1
9534,30,98000,MORTGAGE,12,VENTURE,B,12000,8.88,0,0.12,N,7,0,0
7072,32,98300,MORTGAGE,3,VENTURE,C,5000,12.23,0,0.05,N,10,1,0
6225,27,99000,MORTGAGE,4,VENTURE,A,9000,7.14,0,0.09,N,8,0,0
9089,29,99780,MORTGAGE,14,HOMEIMPROVEMENT,B,6000,11.14,0,0.06,N,8,0,0
1001,28,31200,OWN,0,EDUCATION,A,4350,5.99,0,0.14,N,5,1,0
8563,28,85000,RENT,6,PERSONAL,C,14000,14.65,0,0.16,Y,9,0,0
3826,28,100000,OWN,5,VENTURE,C,11000,13.61,0,0.11,Y,8,1,0
246,29,100000,OWN,0,VENTURE,B,15800,11.14,0,0.16,N,6,0,0
6491,28,100000,MORTGAGE,4,VENTURE,B,20000,11.48,0,0.2,N,5,0,0
8280,29,100000,MORTGAGE,7,MEDICAL,C,15000,12.04,0,0.15,N,5,0,0
5600,32,101000,MORTGAGE,12,DEBTCONSOLIDATION,B,8000,11.49,0,0.08,N,5,0,0
7173,31,101416,MORTGAGE,9,HOMEIMPROVEMENT,C,15000,12.87,0,0.15,Y,8,0,0
2267,30,102000,MORTGAGE,8,HOMEIMPROVEMENT,D,15000,15.62,0,0.15,Y,8,0,0
5458,28,102000,MORTGAGE,2,VENTURE,B,10000,12.18,0,0.1,N,7,0,0
9283,27,102000,MORTGAGE,1,HOMEIMPROVEMENT,C,15000,12.84,0,0.15,N,7,0,1
350,30,105000,MORTGAGE,8,DEBTCONSOLIDATION,A,26000,7.51,0,0.25,N,10,0,0
221,28,30000,RENT,1,MEDICAL,B,14500,11.14,1,0.48,N,8,1,0
8528,27,105000,MORTGAGE,3,EDUCATION,C,25000,12.23,0,0.24,N,5,1,0
7961,29,105000,MORTGAGE,13,PERSONAL,C,5000,12.53,0,0.05,N,9,0,0
7377,29,106369,MORTGAGE,14,DEBTCONSOLIDATION,A,18000,6.17,0,0.17,N,9,0,1
5983,27,32960,RENT,3,PERSONAL,A,15000,6.91,1,0.46,N,5,0,0
2469,33,108000,MORTGAGE,17,HOMEIMPROVEMENT,B,11500,9.99,0,0.11,N,7,0,1
5385,27,36000,RENT,2,MEDICAL,B,2000,11.99,0,0.06,N,8,0,0
8354,32,42000,RENT,0,EDUCATION,D,2000,15.62,1,0.05,N,6,0,0
4370,27,48192,RENT,12,DEBTCONSOLIDATION,A,2000,7.66,0,0.04,N,9,0,0
623,34,50000,RENT,5,HOMEIMPROVEMENT,B,2000,11.48,0,0.04,N,5,0,0
9606,27,40000,RENT,0,MEDICAL,A,15000,6.91,1,0.38,N,10,0,0
9517,29,42000,RENT,5,PERSONAL,B,15000,10.99,1,0.36,N,9,0,0
8999,33,114000,MORTGAGE,0,EDUCATION,D,16000,16.77,0,0.14,N,5,0,0
8841,33,114996,MORTGAGE,0,PERSONAL,B,7450,11.71,0,0.06,N,5,0,0
930,27,120000,MORTGAGE,2,EDUCATION,A,17000,6.03,0,0.14,N,5,1,0
9655,30,120000,MORTGAGE,3,PERSONAL,B,6000,10.99,0,0.05,N,7,0,0
6854,30,44000,RENT,4,DEBTCONSOLIDATION,A,15000,6.54,1,0.34,N,5,0,1
3749,28,120000,MORTGAGE,11,HOMEIMPROVEMENT,C,5000,13.06,0,0.04,N,5,0,0
9053,29,120000,MORTGAGE,13,VENTURE,A,10000,6.17,0,0.08,N,8,0,0
7044,34,108000,MORTGAGE,4,DEBTCONSOLIDATION,G,25000,20.03,1,0.23,N,8,0,0
2251,29,120000,MORTGAGE,1,VENTURE,B,23000,11.49,0,0.19,N,5,1,0
8178,27,120000,MORTGAGE,5,HOMEIMPROVEMENT,D,25000,15.95,0,0.21,N,9,0,0
1259,29,120000,MORTGAGE,5,MEDICAL,B,9000,10.25,0,0.07,N,10,0,0
9732,31,120000,MORTGAGE,9,VENTURE,A,9000,8.94,0,0.07,N,6,0,0
9758,31,121000,MORTGAGE,15,DEBTCONSOLIDATION,C,25000,12.73,0,0.21,Y,9,1,0
2393,34,122400,MORTGAGE,5,MEDICAL,B,6800,10.65,0,0.06,N,10,0,0
5367,32,123000,MORTGAGE,16,VENTURE,E,15200,15.95,0,0.12,Y,9,1,0
2349,27,124000,MORTGAGE,9,PERSONAL,B,4350,11.49,0,0.04,N,6,1,0
3957,34,124000,MORTGAGE,3,HOMEIMPROVEMENT,A,12000,7.51,0,0.1,N,5,0,1
7048,28,22968,RENT,4,MEDICAL,A,1500,6.03,0,0.07,N,7,1,0
1766,28,50000,RENT,4,DEBTCONSOLIDATION,D,15000,14.91,1,0.3,N,7,1,0
148,27,59200,RENT,4,DEBTCONSOLIDATION,B,15000,10.75,0,0.25,N,7,0,0
3189,30,115000,MORTGAGE,3,DEBTCONSOLIDATION,D,20000,14.59,1,0.17,N,7,1,1
1636,29,129996,MORTGAGE,0,EDUCATION,E,30000,18.79,0,0.23,N,8,0,1
7220,35,130000,MORTGAGE,15,DEBTCONSOLIDATION,B,5000,10.65,0,0.04,N,7,0,0
293,27,130000,MORTGAGE,11,EDUCATION,B,11000,9.62,0,0.08,N,5,1,1
396,28,130000,MORTGAGE,0,EDUCATION,A,9000,8,0,0.07,N,6,1,1
9733,28,130000,MORTGAGE,2,HOMEIMPROVEMENT,D,12000,13.55,0,0.09,Y,8,0,0
8419,34,121000,MORTGAGE,8,HOMEIMPROVEMENT,D,12000,14.59,1,0.1,Y,8,0,0
844,27,65000,RENT,5,EDUCATION,C,15000,12.84,0,0.23,Y,5,1,0
1924,28,144000,OWN,11,MEDICAL,D,7000,15.99,0,0.05,Y,10,0,0
1945,29,20000,OWN,0,VENTURE,A,3000,8,0,0.15,N,5,0,0
1253,33,18000,OWN,17,MEDICAL,A,7000,8,1,0.39,N,9,0,0
7112,28,159000,MORTGAGE,3,PERSONAL,B,15000,11.86,0,0.09,N,8,1,0
1608,27,84000,RENT,0,MEDICAL,B,16000,12.21,0,0.19,N,10,0,0
8326,31,179000,MORTGAGE,13,MEDICAL,C,11200,14.27,0,0.06,N,5,0,0
5967,31,200000,MORTGAGE,1,MEDICAL,B,7800,9.63,0,0.04,N,8,0,0
5113,29,200000,RENT,14,EDUCATION,B,16000,12.69,0,0.08,N,7,1,1
3366,30,223800,MORTGAGE,15,HOMEIMPROVEMENT,B,25000,11.83,1,0.11,N,9,0,0
9192,33,240000,OWN,15,PERSONAL,C,15000,13.16,0,0.06,Y,10,0,0
3010,27,90000,RENT,4,HOMEIMPROVEMENT,A,19200,6.99,0,0.21,N,8,0,0
5220,30,300000,MORTGAGE,14,MEDICAL,B,20000,11.58,0,0.07,N,9,1,1
6062,29,350000,MORTGAGE,13,DEBTCONSOLIDATION,A,12000,7.51,0,0.03,N,7,0,1
7488,30,65000,RENT,11,PERSONAL,D,12800,15.2,0,0.2,N,6,0,0
8527,27,52000,RENT,0,HOMEIMPROVEMENT,B,5100,10.37,0,0.1,N,7,0,1
4189,27,61000,MORTGAGE,11,EDUCATION,B,1200,10.37,0,0.02,N,9,1,0
134,29,84000,MORTGAGE,1,HOMEIMPROVEMENT,B,20000,11.83,0,0.24,N,6,0,0
273,27,31500,RENT,10,DEBTCONSOLIDATION,C,6000,12.84,1,0.19,N,8,0,1
1376,31,260000,MORTGAGE,6,MEDICAL,C,25000,13.57,0,0.1,Y,6,0,1
2065,30,32004,OWN,4,VENTURE,A,5500,8,0,0.17,N,8,0,0
4439,29,75000,OWN,3,HOMEIMPROVEMENT,A,12000,7.51,0,0.16,N,8,0,0
1355,33,103000,RENT,0,EDUCATION,C,9000,14.65,1,0.09,Y,9,0,1
5881,29,64000,RENT,3,DEBTCONSOLIDATION,C,15000,15.27,1,0.23,N,10,1,1
6377,29,71000,RENT,1,HOMEIMPROVEMENT,C,12000,13.16,0,0.17,Y,5,1,0
2402,31,86500,OWN,0,PERSONAL,C,25000,13.57,0,0.29,Y,10,0,1
8543,34,98000,OWN,19,MEDICAL,B,16000,10.99,0,0.16,N,10,1,1
1133,28,70000,RENT,1,EDUCATION,A,7800,7.9,0,0.11,N,8,0,0
5910,28,42000,RENT,5,PERSONAL,B,4800,12.42,0,0.11,N,9,0,0
2545,34,26400,MORTGAGE,0,DEBTCONSOLIDATION,B,3600,9.88,0,0.14,N,5,0,0
7517,27,66300,MORTGAGE,11,MEDICAL,D,21000,15.62,1,0.27,Y,10,0,0
2813,32,56784,OWN,3,MEDICAL,D,12000,14.96,0,0.21,Y,5,0,1
1341,34,160000,MORTGAGE,14,HOMEIMPROVEMENT,C,25000,13.49,0,0.16,Y,5,0,0
1185,28,30000,MORTGAGE,4,PERSONAL,C,7500,11.78,0,0.25,N,9,0,0
9350,34,77000,RENT,3,DEBTCONSOLIDATION,D,35000,18.25,1,0.45,Y,10,0,0
2905,34,84000,MORTGAGE,15,MEDICAL,B,9250,11.36,0,0.11,N,7,0,0
9612,28,28800,MORTGAGE,2,EDUCATION,B,2000,10.59,0,0.07,N,8,0,0
5287,33,29000,RENT,0,EDUCATION,C,10000,13.06,1,0.34,Y,7,0,0
5108,34,90000,MORTGAGE,19,VENTURE,C,5000,13.61,0,0.06,Y,8,0,1
1973,29,118400,MORTGAGE,11,EDUCATION,A,35000,7.9,0,0.3,N,7,1,0
4836,27,50000,MORTGAGE,2,VENTURE,C,10750,13.48,0,0.21,N,7,0,0
911,31,54050,RENT,8,EDUCATION,B,12000,10.99,0,0.22,N,9,0,0
4417,34,47700,RENT,2,DEBTCONSOLIDATION,A,9000,7.14,0,0.19,N,10,0,0
8588,31,47700,RENT,2,MEDICAL,B,12000,11.99,0,0.25,N,6,0,0
2269,33,92000,MORTGAGE,8,PERSONAL,C,20000,13.06,0,0.22,N,9,0,0
5467,33,123000,RENT,5,EDUCATION,B,12000,11.83,0,0.1,N,10,0,0
9783,29,48000,RENT,13,VENTURE,A,10000,7.51,0,0.21,N,10,1,0
8851,28,38000,RENT,12,PERSONAL,A,3200,9.63,0,0.08,N,9,1,0
8613,29,89849,MORTGAGE,13,PERSONAL,C,6000,13.98,0,0.07,Y,10,0,0
7394,31,124992,MORTGAGE,15,VENTURE,A,24000,8.49,0,0.19,N,7,0,0
2047,28,56100,RENT,12,MEDICAL,A,8400,7.51,1,0.13,N,10,1,0
5082,27,61200,MORTGAGE,11,MEDICAL,B,5000,11.86,1,0.07,N,5,0,0
1903,34,135000,RENT,6,VENTURE,E,20000,17.74,0,0.15,Y,5,0,1
2527,31,111000,MORTGAGE,3,PERSONAL,A,5150,6.62,0,0.05,N,7,0,1
1400,27,45000,RENT,10,MEDICAL,D,7600,14.59,1,0.17,N,7,0,0
9551,30,100000,RENT,1,PERSONAL,B,1000,11.71,0,0.01,N,6,0,0
4585,27,78000,MORTGAGE,1,VENTURE,A,5125,8.59,0,0.07,N,8,1,0
8524,36,700000,MORTGAGE,16,MEDICAL,C,25000,12.53,0,0.04,Y,13,1,0
5058,37,260000,MORTGAGE,12,VENTURE,D,20000,14.96,0,0.08,N,12,1,0
6128,37,192000,MORTGAGE,14,DEBTCONSOLIDATION,A,25600,5.99,0,0.13,N,17,0,1
9727,38,175000,MORTGAGE,10,EDUCATION,B,21000,9.99,0,0.12,N,14,0,0
9745,38,124499,RENT,3,EDUCATION,C,25000,13.06,0,0.2,N,13,0,0
6949,48,130000,RENT,2,EDUCATION,B,24000,9.91,0,0.18,N,15,1,0
7578,40,167000,RENT,2,VENTURE,B,22000,10.99,0,0.13,N,13,0,0
5777,45,23000,OWN,2,PERSONAL,A,7000,7.29,0,0.3,N,15,0,0
7937,45,48500,RENT,7,MEDICAL,C,18000,13.85,1,0.37,Y,15,1,1
5268,45,38400,RENT,4,DEBTCONSOLIDATION,C,1000,14.72,0,0.03,Y,12,0,0
2629,44,26500,MORTGAGE,5,DEBTCONSOLIDATION,A,6200,6.03,0,0.23,N,16,0,0
4901,39,39000,RENT,7,DEBTCONSOLIDATION,B,1500,10.36,1,0.04,N,16,0,0
9066,40,49788,RENT,1,DEBTCONSOLIDATION,A,1500,9.32,0,0.03,N,16,1,0
3360,45,52000,RENT,0,MEDICAL,A,1500,8.94,0,0.03,N,13,0,0
4535,44,27000,RENT,5,EDUCATION,A,1700,6.99,0,0.06,N,15,1,1
199,37,44000,RENT,0,PERSONAL,B,1700,10.59,1,0.04,N,17,0,0
1346,36,57110,RENT,5,EDUCATION,B,2400,10,0,0.04,N,15,0,0
1192,47,48000,RENT,14,MEDICAL,C,2500,14.65,0,0.05,Y,17,1,0
6844,36,34000,MORTGAGE,2,VENTURE,B,5000,10.65,0,0.15,N,11,1,0
40,38,34800,MORTGAGE,2,PERSONAL,A,6250,7.49,0,0.18,N,16,0,0
4676,38,35000,MORTGAGE,6,VENTURE,A,4800,7.51,0,0.14,N,14,0,0
8190,39,60000,RENT,1,PERSONAL,A,3600,5.99,0,0.06,N,11,0,0
1386,41,43000,RENT,2,MEDICAL,C,4000,13.23,0,0.09,N,16,0,1
9067,37,39960,OWN,21,PERSONAL,A,5600,6.54,0,0.14,N,16,0,0
2985,41,39996,MORTGAGE,8,VENTURE,D,1200,15.21,0,0.03,N,16,1,0
1263,39,52000,RENT,2,VENTURE,B,4500,11.99,0,0.09,N,11,1,0
3897,39,56000,RENT,0,DEBTCONSOLIDATION,E,4800,16.7,1,0.09,Y,12,1,0
8433,36,55200,RENT,3,MEDICAL,D,9900,14.84,1,0.18,Y,13,0,0
1900,39,55000,RENT,1,DEBTCONSOLIDATION,B,4975,12.21,0,0.09,N,11,0,0
8628,50,30000,RENT,8,VENTURE,C,5000,12.84,0,0.17,Y,15,1,0
4522,40,43000,MORTGAGE,18,MEDICAL,C,2500,12.84,0,0.06,N,14,0,0
7633,37,65000,RENT,7,DEBTCONSOLIDATION,A,9000,6.91,0,0.14,N,15,1,1
8207,41,30000,RENT,3,MEDICAL,A,8875,5.42,0,0.3,N,15,0,0
3971,40,45000,MORTGAGE,5,HOMEIMPROVEMENT,A,3600,6.62,0,0.08,N,13,0,0
721,39,45000,MORTGAGE,3,DEBTCONSOLIDATION,C,12000,14.72,0,0.27,N,15,0,0
3398,36,45344,MORTGAGE,11,EDUCATION,A,16750,7.88,0,0.37,N,13,0,0
6004,38,94000,RENT,3,PERSONAL,D,5000,15.33,0,0.05,Y,16,1,0
8556,36,30000,RENT,0,EDUCATION,A,5500,8.9,0,0.18,N,11,0,0
849,39,23500,RENT,14,PERSONAL,D,5850,15.2,0,0.25,N,12,1,1
2035,48,30000,RENT,0,DEBTCONSOLIDATION,B,6000,12.42,1,0.2,N,12,0,0
9190,37,74568,RENT,0,VENTURE,C,6000,14.26,0,0.08,N,17,1,1
1409,38,62000,RENT,5,EDUCATION,B,7000,10.62,0,0.11,N,14,0,0
982,39,42000,RENT,4,MEDICAL,C,6500,13.99,0,0.15,Y,14,1,0
8037,39,53000,RENT,15,EDUCATION,A,6500,7.29,0,0.12,N,17,0,1
9669,37,89532,RENT,9,MEDICAL,B,6600,12.53,0,0.07,N,12,0,0
562,42,21120,RENT,12,VENTURE,B,6400,11.14,0,0.3,N,14,0,0
3805,40,54000,MORTGAGE,3,HOMEIMPROVEMENT,C,6000,13.49,0,0.11,N,11,0,0
2095,48,54000,MORTGAGE,1,HOMEIMPROVEMENT,A,2000,5.99,0,0.04,N,16,1,1
8030,36,45000,RENT,16,MEDICAL,B,7000,9.91,0,0.16,N,12,0,0
8028,36,55500,MORTGAGE,15,EDUCATION,B,7875,11.99,0,0.14,N,12,0,1
8380,44,48000,RENT,4,MEDICAL,B,7500,11.49,0,0.16,N,15,0,0
2876,42,58000,RENT,16,DEBTCONSOLIDATION,C,7500,12.99,0,0.13,N,17,0,1
5692,44,58000,MORTGAGE,13,VENTURE,D,6400,16.29,0,0.11,N,13,0,0
1887,36,80000,RENT,0,MEDICAL,C,7600,13.49,0,0.1,N,15,0,0
4808,41,31000,RENT,3,VENTURE,B,8000,10.38,0,0.26,N,17,0,0
4426,41,39000,RENT,2,PERSONAL,D,8000,14.84,1,0.21,Y,14,0,0
7432,36,60000,MORTGAGE,12,EDUCATION,A,15000,7.88,0,0.25,N,17,1,0
7668,44,60000,OWN,11,PERSONAL,A,11800,8.63,0,0.2,N,12,0,0
8049,36,24960,RENT,3,VENTURE,A,5000,6.62,0,0.2,N,15,0,0
8473,36,62000,MORTGAGE,15,DEBTCONSOLIDATION,A,7500,8.59,0,0.12,N,14,0,0
1959,45,87000,RENT,8,DEBTCONSOLIDATION,C,8000,13.11,0,0.09,Y,15,1,0
9549,45,64000,MORTGAGE,3,MEDICAL,A,6000,7.29,0,0.09,N,14,0,0
1273,49,65000,MORTGAGE,0,PERSONAL,B,12000,10.62,0,0.18,N,17,0,0
7248,38,58000,RENT,4,MEDICAL,E,9500,16.35,1,0.16,Y,16,0,0
3810,41,66000,MORTGAGE,20,VENTURE,A,10000,6.62,0,0.15,N,12,0,0
1301,37,78000,RENT,0,MEDICAL,C,9600,12.99,0,0.12,N,16,1,0
1036,37,19896,RENT,0,EDUCATION,E,10000,17.14,1,0.5,N,11,0,1
6275,50,68000,MORTGAGE,5,PERSONAL,B,10000,11.49,0,0.15,N,13,0,1
9843,42,68000,MORTGAGE,2,VENTURE,A,5000,7.51,0,0.07,N,17,0,1
4532,40,69996,OTHER,24,HOMEIMPROVEMENT,B,6000,12.53,0,0.09,N,11,0,0
2034,37,44000,RENT,0,PERSONAL,A,10000,6.91,0,0.23,N,15,0,0
1292,36,70000,MORTGAGE,2,PERSONAL,A,11000,7.51,0,0.16,N,12,1,0
7493,45,70000,MORTGAGE,15,MEDICAL,A,10000,8.59,0,0.14,N,12,0,1
1104,39,45500,RENT,4,PERSONAL,D,10000,16.29,0,0.22,N,15,0,0
9352,41,42600,RENT,0,VENTURE,D,10000,15.62,1,0.23,Y,12,0,0
2835,36,72000,MORTGAGE,14,VENTURE,A,2500,7.51,0,0.03,N,14,0,0
8640,37,51000,RENT,11,PERSONAL,B,10000,12.69,0,0.2,N,15,0,0
8917,45,62200,RENT,6,DEBTCONSOLIDATION,B,10000,10.39,0,0.16,N,11,0,0
3004,41,75000,MORTGAGE,19,EDUCATION,C,5500,12.87,0,0.07,Y,16,0,0
9374,38,50400,RENT,5,DEBTCONSOLIDATION,B,10100,11.49,0,0.2,N,16,1,0
5891,48,55000,RENT,9,MEDICAL,C,10200,13.92,0,0.19,N,16,0,0
2123,39,78840,MORTGAGE,18,DEBTCONSOLIDATION,B,15000,11.71,0,0.19,N,13,0,0
7374,42,60000,RENT,3,PERSONAL,C,11300,13.61,0,0.19,Y,14,0,0
2285,37,74000,MORTGAGE,6,PERSONAL,D,10000,16.29,1,0.14,N,14,0,1
2197,36,80000,MORTGAGE,4,VENTURE,A,10000,6.62,0,0.13,N,14,0,0
4870,48,20400,RENT,4,MEDICAL,A,12000,7.49,1,0.59,N,12,0,1
881,37,80000,MORTGAGE,18,MEDICAL,B,20000,11.83,0,0.25,N,13,1,0
1317,43,86004,MORTGAGE,2,HOMEIMPROVEMENT,B,10000,9.99,0,0.12,N,14,1,0
2541,36,35000,OWN,1,VENTURE,B,6000,11.49,0,0.17,N,13,0,0
8350,40,90000,RENT,1,EDUCATION,B,2800,11.11,0,0.03,N,13,1,0
3384,39,95000,OWN,6,HOMEIMPROVEMENT,B,8000,12.69,0,0.08,N,14,1,0
8339,43,46000,RENT,2,MEDICAL,D,13000,15.7,1,0.28,N,13,1,0
4629,38,95000,OWN,6,HOMEIMPROVEMENT,E,14000,17.74,0,0.15,Y,17,0,0
2174,41,98004,MORTGAGE,25,DEBTCONSOLIDATION,C,12000,13.57,0,0.12,N,15,1,1
2665,36,130000,RENT,3,DEBTCONSOLIDATION,B,14000,10.37,0,0.11,N,14,0,0
8644,39,75000,RENT,0,EDUCATION,B,14400,12.53,0,0.19,N,11,1,1
4263,37,105000,MORTGAGE,2,EDUCATION,B,25000,12.18,0,0.24,N,15,0,1
5111,36,110000,MORTGAGE,9,HOMEIMPROVEMENT,A,15000,9.63,0,0.14,N,15,0,0
5879,43,47840,RENT,27,PERSONAL,B,15000,12.42,1,0.31,N,12,0,1
7458,45,119004,MORTGAGE,13,PERSONAL,B,5000,11.49,0,0.04,N,13,0,0
8065,39,108000,MORTGAGE,3,HOMEIMPROVEMENT,A,12000,6.99,1,0.11,N,13,0,0
1544,43,122000,OWN,20,MEDICAL,B,12000,11.83,0,0.1,N,11,1,0
9836,43,122500,MORTGAGE,4,EDUCATION,A,9150,6.03,0,0.07,N,12,1,0
5351,42,123735,MORTGAGE,8,DEBTCONSOLIDATION,A,6400,6.99,0,0.05,N,16,0,0
1089,39,150000,MORTGAGE,9,EDUCATION,A,30000,8.9,0,0.2,N,15,1,1
5710,36,150000,OWN,8,VENTURE,A,7200,6.92,0,0.05,N,13,1,0
1380,40,150000,MORTGAGE,5,PERSONAL,B,12000,10.37,0,0.08,N,12,1,1
7141,36,75996,RENT,6,MEDICAL,A,16000,8.94,0,0.21,N,12,1,0
4004,42,175000,MORTGAGE,12,PERSONAL,C,7000,12.99,0,0.04,Y,13,1,1
3968,37,181000,MORTGAGE,11,DEBTCONSOLIDATION,C,20000,13.85,0,0.11,Y,17,1,0
5519,37,185000,MORTGAGE,15,VENTURE,B,4000,10,0,0.02,N,11,1,0
9126,37,250000,MORTGAGE,2,EDUCATION,C,34000,14.79,0,0.14,N,16,0,0
1035,39,325000,MORTGAGE,14,PERSONAL,D,18000,14.96,0,0.06,Y,14,1,1
4837,50,68000,MORTGAGE,5,PERSONAL,B,10000,11.49,0,0.15,N,16,1,0
9813,38,81000,MORTGAGE,3,DEBTCONSOLIDATION,C,10000,14.27,0,0.12,N,11,1,0
9337,36,29000,RENT,9,VENTURE,B,1200,12.42,0,0.04,N,11,1,0
809,49,76872,MORTGAGE,4,PERSONAL,D,15000,14.84,0,0.2,Y,11,1,1
2634,37,63000,RENT,1,EDUCATION,A,14900,9.63,0,0.24,N,17,1,1
5135,39,75000,RENT,0,PERSONAL,B,14400,12.53,0,0.19,N,15,1,0
7671,46,88400,MORTGAGE,1,MEDICAL,E,30000,18.39,1,0.29,N,16,1,0
478,44,95000,MORTGAGE,4,EDUCATION,B,10000,10.95,0,0.11,N,11,0,1
858,41,37000,MORTGAGE,3,VENTURE,C,6000,12.99,0,0.16,N,11,0,0
9057,40,46000,MORTGAGE,5,MEDICAL,A,10000,7.9,0,0.22,N,16,1,1
4944,36,138000,MORTGAGE,0,VENTURE,C,10000,13.98,0,0.07,Y,15,1,0
7490,36,61000,MORTGAGE,2,VENTURE,B,10000,10.25,0,0.16,N,14,1,0
6388,45,60000,RENT,4,EDUCATION,B,25000,9.99,1,0.42,N,14,1,0
437,53,70000,RENT,6,PERSONAL,D,24000,16.77,1,0.34,N,20,0,0
128,69,37000,RENT,6,MEDICAL,D,10750,14.59,0,0.29,Y,27,1,0
9479,66,54000,RENT,3,MEDICAL,D,8000,16.02,0,0.15,Y,26,1,0
5644,52,83200,RENT,0,DEBTCONSOLIDATION,C,8000,15.96,0,0.1,Y,30,1,1
3965,54,79864,MORTGAGE,5,PERSONAL,B,1800,9.88,0,0.02,N,21,1,1
1922,51,68000,RENT,5,PERSONAL,D,12000,16.77,0,0.18,N,28,1,0
3602,54,95000,MORTGAGE,3,PERSONAL,B,6500,10.65,0,0.07,N,26,1,0
8389,53,106000,MORTGAGE,38,PERSONAL,B,20000,9.88,0,0.19,N,23,1,1
9457,70,48000,RENT,0,MEDICAL,A,15000,6.99,1,0.31,N,24,1,1
9928,51,80000,RENT,3,HOMEIMPROVEMENT,F,18000,18.78,0,0.23,Y,20,1,0
